Year,Month,State,Monthly rainfall,Monthly mean daily global solar exposure,Monthly mean minimum temperature,Monthly mean maximum temperature,Number of arriving visitors
2000,1,VIC,41.2,22.1,13.1,24.9,60170
2000,2,VIC,34.6,23.2,16,29.5,70240
2000,3,VIC,24.6,17.7,13.7,25.5,70440
2000,4,VIC,39.6,12,10.5,21.2,57450
2000,5,VIC,78.4,7.2,8.1,15.8,44090
2000,6,VIC,27.6,5.6,6.5,13.6,44130
2000,7,VIC,35,6.9,5.7,13.3,60560
2000,8,VIC,31,10.4,5.4,14.8,54180
2000,9,VIC,65.2,14,7.7,17.2,47200
2000,10,VIC,124.4,16.4,8.5,17.8,69020
2000,11,VIC,38.2,20.3,13.1,22.9,78130
2000,12,VIC,18.4,27.3,12.2,26.2,89380
2001,1,VIC,7.2,23.2,16.1,29.7,67650
2001,2,VIC,11.4,23.1,16.5,29.2,79620
2001,3,VIC,142.2,17,12.2,24.2,73280
2001,4,VIC,96.8,11.3,9.8,20.2,64350
2001,5,VIC,13.4,7.8,8,16,49100
2001,6,VIC,35.6,6,7.6,14.9,48880
2001,7,VIC,10,6.2,6.1,13.4,74260
2001,8,VIC,43.4,9,6.5,14.6,53730
2001,9,VIC,20.8,13.9,8.1,18.5,53640
2001,10,VIC,51,18.2,8.1,18.7,67080
2001,11,VIC,56.6,18.9,9.4,20.3,66640
2001,12,VIC,50,23.1,10.2,21,91620
2002,1,VIC,33.6,22.4,12.7,25.1,71520
2002,2,VIC,52,20.9,13,24.7,84480
2002,3,VIC,41,16.9,12.6,23.8,82000
2002,4,VIC,41,11,10.9,21.2,59230
2002,5,VIC,18.8,8.3,8.4,17.9,53780
2002,6,VIC,30.6,6.5,6.8,14.8,49000
2002,7,VIC,31.6,8,5.9,14.3,66780
2002,8,VIC,22.6,10.5,5.5,15.2,55000
2002,9,VIC,28,15.5,7.2,18,58250
2002,10,VIC,25.4,18.4,8.4,20.5,71010
2002,11,VIC,18.2,22.4,10.2,23.8,71640
2002,12,VIC,10.2,23.4,12.5,25.2,96260
2003,1,VIC,7.6,26.7,13.6,27.7,70800
2003,2,VIC,17.8,21.6,15.1,26,83700
2003,3,VIC,23,17.5,12.9,23.7,74060
2003,4,VIC,57,12.8,10.3,20.4,51400
2003,5,VIC,13,8.4,8.2,18,40130
2003,6,VIC,36.6,6.1,7.5,14.7,49120
2003,7,VIC,61.2,8,5.7,13.6,63160
2003,8,VIC,50.6,10,5.4,13.7,52890
2003,9,VIC,25.4,14.9,6.1,16.4,57630
2003,10,VIC,69.8,16.2,7.5,16.4,73630
2003,11,VIC,26.8,23.8,10.4,22.8,83350
2003,12,VIC,30.6,24.4,13.5,27.4,104110
2004,1,VIC,24.4,23.8,12.2,24.8,74140
2004,2,VIC,9.8,21.4,13.5,26.4,86430
2004,3,VIC,20.2,18.6,12.2,23.5,83340
2004,4,VIC,49,12.1,10.7,20.9,69800
2004,5,VIC,18.2,8.2,7.8,16.3,55640
2004,6,VIC,24.2,6.6,7.1,13.9,59830
2004,7,VIC,27.8,7.2,5.7,12.9,77410
2004,8,VIC,69.4,10.7,6.4,15.2,61030
2004,9,VIC,47.8,12.1,7.7,15.9,60610
2004,10,VIC,45.2,19.2,8.9,20.2,77520
2004,11,VIC,113,20.7,10.8,21.4,88740
2004,12,VIC,59.2,24,12,23.9,108300
2005,1,VIC,24,24.5,13.9,26.7,83440
2005,2,VIC,200.6,19.3,12.6,23.3,99010
2005,3,VIC,7.8,18.1,11.3,23.1,94600
2005,4,VIC,26,13.4,11.6,23.4,69920
2005,5,VIC,8,9.4,8.2,17.8,58870
2005,6,VIC,31,6.3,6.7,15.4,58530
2005,7,VIC,21.8,6.5,6.5,14.1,78380
2005,8,VIC,57.6,10.4,6.7,14.9,66630
2005,9,VIC,39.4,13.8,7.2,17,61210
2005,10,VIC,69,19.3,9.7,20.5,82660
2005,11,VIC,64.6,22.9,11.6,23.7,89110
2005,12,VIC,48,24,12,27.5,113550
2006,1,VIC,50.6,26.1,15.3,27.9,89970
2006,2,VIC,58.8,23.2,13.7,25.2,94720
2006,3,VIC,13.2,19.2,13.3,26,94890
2006,4,VIC,43.2,11,8.7,18.6,76970
2006,5,VIC,40.4,7.2,7.3,15.2,59980
2006,6,VIC,10.4,6,4.5,13,61530
2006,7,VIC,39.4,6.3,5.8,13.1,75910
2006,8,VIC,27.2,10.8,5.8,15.8,65270
2006,9,VIC,38.4,14.9,7.1,18.6,69370
2006,10,VIC,8.4,23.2,7.3,21.5,81860
2006,11,VIC,39,23.6,9.7,22.8,89920
2006,12,VIC,15.8,26.6,11.5,25.2,128030
2007,1,VIC,24.2,24.4,15.2,28.3,86480
2007,2,VIC,13,22.7,16.4,29.6,101570
2007,3,VIC,39.4,17.9,13.2,25.5,102970
2007,4,VIC,29.2,12.9,10.4,22.2,77330
2007,5,VIC,41,8.1,10.9,18.7,66720
2007,6,VIC,45.4,6.3,5.4,12.6,70080
2007,7,VIC,41.2,7.1,5.5,12.5,78660
2007,8,VIC,17.6,11.1,6.4,16,70250
2007,9,VIC,8.2,14.6,6.8,18,66300
2007,10,VIC,5.6,19.5,8.9,21.2,82560
2007,11,VIC,74.6,23.3,12.3,24.2,93610
2007,12,VIC,83.2,24.4,13.7,26.3,116900
2008,1,VIC,38.8,25.8,15.5,27.7,85100
2008,2,VIC,31.2,20.9,13.3,24.1,107130
2008,3,VIC,23.2,17.8,12.9,27.1,102600
2008,4,VIC,9.8,11.9,9.2,20.5,81270
2008,5,VIC,36.2,7.3,7.7,16.2,69490
2008,6,VIC,12.6,5.6,8.1,14.7,66120
2008,7,VIC,38.2,6.8,5.1,12.9,90180
2008,8,VIC,46,9,5.2,13.4,67240
2008,9,VIC,16.8,15.5,7,18.4,67740
2008,10,VIC,11.4,18.4,9.1,21.7,80090
2008,11,VIC,46.8,20.6,10.5,22.8,93140
2008,12,VIC,94.6,23.5,11.1,23,124840
2009,1,VIC,1.6,29.6,13.4,28.8,90440
2009,2,VIC,6,22.6,14.3,27.9,105170
2009,3,VIC,35.8,14.7,12.9,24.2,102640
2009,4,VIC,33.4,11.4,9.9,20.3,88290
2009,5,VIC,11.2,7.5,7.6,17,70830
2009,6,VIC,19.4,5.9,6.1,14.3,66130
2009,7,VIC,25.2,7.3,5.8,13.9,82930
2009,8,VIC,35.6,9.9,7.4,15.8,71940
2009,9,VIC,55,13,7.8,17.9,76720
2009,10,VIC,20.2,17.5,8,19.4,90440
2009,11,VIC,117,23.3,13.8,26.8,96670
2009,12,VIC,37.4,25.9,12.7,25.1,139620
2010,1,VIC,26.8,26.2,13.9,27,93510
2010,2,VIC,36.6,20.5,15.9,27.8,122730
2010,3,VIC,88,16.2,14.4,25,112440
2010,4,VIC,18,10.6,12.4,22.1,85570
2010,5,VIC,31.4,8,7.9,17.3,75900
2010,6,VIC,47,6.2,6,13.4,79790
2010,7,VIC,27.4,6.3,5.3,13.3,99920
2010,8,VIC,64.8,8.9,5.5,13.4,86850
2010,9,VIC,42,11.9,6.8,15.1,93410
2010,10,VIC,131.2,18.3,8.4,19.4,103230
2010,11,VIC,130,20.1,11.1,22,113810
2010,12,VIC,84.2,22.3,11.9,24.1,152220
2011,1,VIC,97.2,21.8,15,26.2,107630
2011,2,VIC,87.4,18.2,14.3,24.2,132050
2011,3,VIC,27.4,14.8,12.8,22.5,116170
2011,4,VIC,44.4,12.5,9.3,20.3,97950
2011,5,VIC,42.8,6.6,7.7,15.2,83580
2011,6,VIC,20.2,6.8,6.2,14.6,82930
2011,7,VIC,22.2,6.4,5.6,13.5,100140
2011,8,VIC,15.4,9.5,6.6,16.3,94720
2011,9,VIC,76,13.1,7.1,18.4,83270
2011,10,VIC,72.8,16.4,9,19.8,102540
2011,11,VIC,112,19.5,12,23.4,118920
2011,12,VIC,60.6,25.4,12.2,24.4,155980
2012,1,VIC,10.6,24.6,14.8,27.4,117370
2012,2,VIC,81.6,19.4,14.4,26.9,133920
2012,3,VIC,64,13.6,12.6,22.6,125040
2012,4,VIC,35.4,12.1,9.9,21,101560
2012,5,VIC,54,7.2,7.7,15.7,87470
2012,6,VIC,55.4,5.8,5.9,13.4,84970
2012,7,VIC,34.2,6.5,5.9,13.6,103120
2012,8,VIC,50.4,10.1,5.9,14.1,104180
2012,9,VIC,29.8,14.4,7.3,17.7,94080
2012,10,VIC,25,16.1,8,20.3,110700
2012,11,VIC,23.6,21.4,10.9,23.3,125790
2012,12,VIC,18.8,25.1,12.5,26,169900
2013,1,VIC,9.8,26.9,13.7,28,111750
2013,2,VIC,55.2,23,15.3,29,146410
2013,3,VIC,44.2,17,14.7,26.9,139930
2013,4,VIC,24.2,10.8,10.3,20.5,100110
2013,5,VIC,26,7.9,8,17.7,90680
2013,6,VIC,126,5.9,5.8,14.1,93300
2013,7,VIC,35,7.2,7,14.7,109520
2013,8,VIC,38.2,9.7,7.2,15.6,112650
2013,9,VIC,66,13,9.1,19.1,103720
2013,10,VIC,42.6,15.5,8.8,18.9,112370
2013,11,VIC,56.8,17.5,10.2,21.1,133040
2013,12,VIC,35.8,22.5,11.9,24.7,189170
2014,1,VIC,8.4,25.2,15.2,28.9,132120
2014,2,VIC,14,21.2,14.3,28.8,145940
2014,3,VIC,25.4,14.5,13.6,25.5,141520
2014,4,VIC,65.6,9.1,11.6,20.1,116160
2014,5,VIC,17.8,7.4,9.5,18.4,111450
2014,6,VIC,44.4,5.9,8,14.7,101000
2014,7,VIC,20.6,7.2,6.4,13.5,134700
2014,8,VIC,31.2,10,5.8,15,116810
2014,9,VIC,47.2,13.9,7.4,18.1,110730
2014,10,VIC,36.4,17.6,9.1,22.1,132110
2014,11,VIC,50.2,21.4,10.6,23.9,145420
2014,12,VIC,41.4,23.7,12.8,24.9,195610
2015,1,VIC,30,22.3,14,26.9,137520
2015,2,VIC,38.8,19.6,15.5,28,189010
2015,3,VIC,22.2,16.1,11.1,23.8,172420
2015,4,VIC,35.2,10.7,8.9,19.4,129150
2015,5,VIC,25.4,7.9,8.2,16.9,114570
2015,6,VIC,23.4,6.5,5.7,13.8,113940
2015,7,VIC,63.6,6.9,5.1,12.7,140420
2015,8,VIC,19.4,8.7,6.3,13.4,129560
2015,9,VIC,27.8,14.2,6.8,17.3,130300
2015,10,VIC,16.6,19.7,10.7,25.5,152620
2015,11,VIC,54.2,21.1,11.1,23.6,169380
2015,12,VIC,44.8,27.2,13.2,29.1,231930
2016,1,VIC,44.8,20.4,15.4,27.2,162400
2016,2,VIC,4.4,20.7,14.9,27,209120
2016,3,VIC,27.2,14.2,14.3,25.7,187650
2016,4,VIC,36.4,11.9,11.9,22.7,146960
2016,5,VIC,47,8.9,9.7,18.1,132470
2016,6,VIC,66.4,6.7,6.5,13.5,134940
2016,7,VIC,63.4,7.5,6.8,13.8,168990
2016,8,VIC,30.6,10.2,6.4,15.2,147170
2016,9,VIC,99.8,12.4,8.2,16.2,145180
2016,10,VIC,77.4,17.3,7.9,18.5,169770
2016,11,VIC,39.8,19.2,9.6,21.2,181350
2016,12,VIC,77.4,22.8,12.7,26.3,254120
2017,1,VIC,25.6,23.4,14.7,27.6,190760
2017,2,VIC,32.4,19.9,12.9,26.7,206910
2017,3,VIC,33.4,16.6,14.4,27.8,194860
2017,4,VIC,103.2,10.7,10.9,20.6,171090
2017,5,VIC,19.4,8.4,7.5,16.6,140710
2017,6,VIC,16.4,7.3,5.4,14.3,148840
2017,7,VIC,17.8,8.3,4.8,14,173800
2017,8,VIC,40,9.9,5.4,14.2,170040
2017,9,VIC,28,13.6,7,17.7,151830
2017,10,VIC,33.2,17.4,8.9,21.6,177210
2017,11,VIC,51.6,22.3,12.8,26.6,195260
2017,12,VIC,124.4,22.4,13.3,25.6,263240
2018,1,VIC,70.2,23.3,15.5,28.3,190960
2018,2,VIC,2.2,20.4,14.5,27.9,243500
2018,3,VIC,30,16.3,12.8,25.8,222700
2018,4,VIC,7,11.1,10.3,22.9,173780
2018,5,VIC,60,7.2,8.9,17.2,153190
2018,6,VIC,71.4,7.1,5.3,13.9,164970
2018,7,VIC,16.2,8.3,5.9,14.1,191350
2018,8,VIC,21.6,10.6,5,14.8,183120
2018,9,VIC,16.4,14.6,5.7,17.4,167310
2018,10,VIC,38.4,18.4,9,21.8,190240
2018,11,VIC,98.6,18.8,10.8,22.5,215210
2018,12,VIC,116.8,21.4,14.3,26.1,282610
2019,1,VIC,11.2,25.1,15.5,30.4,205580
2019,2,VIC,15.2,20.4,14,27.7,259060
2019,3,VIC,6.4,15.4,14,26.4,234430
2019,4,VIC,5,11.4,10.4,22.6,180000
2019,5,VIC,59.8,8.1,8.9,17.5,176510
2019,6,VIC,58.4,7.5,7,14.7,170790
2019,7,VIC,26.6,7.8,6.4,14.3,201930
2019,8,VIC,47.2,9.9,5.5,14.1,196970
2019,9,VIC,38.4,14,6.8,17.5,168980
2019,10,VIC,33.2,18.5,8.5,21.6,195580
2019,11,VIC,49.6,19.7,9.3,22.4,220340
2019,12,VIC,7.8,24.3,12.4,26.4,299560
2000,1,NSW,30.8,22.1,17.8,24.9,155900
2000,2,NSW,14.8,23.2,19.8,28.2,190020
2000,3,NSW,202.4,14.3,19.2,25.2,174210
2000,4,NSW,33.6,12.1,15.2,22.8,177090
2000,5,NSW,27.6,10.9,11.7,19.9,137840
2000,6,NSW,33,9.8,8.1,17.1,137230
2000,7,NSW,23.2,10.5,8.4,17.6,177050
2000,8,NSW,20,12.7,8.9,18.4,154200
2000,9,NSW,28,17.7,12.4,22.8,222370
2000,10,NSW,70.8,18.7,14.5,22.9,184950
2000,11,NSW,132.6,18.4,17.4,23.3,194410
2000,12,NSW,39.6,25.6,19.6,28,237720
2001,1,NSW,156,21.7,20.7,27.9,176100
2001,2,NSW,116.2,19.6,20.8,27,184340
2001,3,NSW,54.6,16,18.7,25.4,174370
2001,4,NSW,85.8,14.5,15.3,23.6,164850
2001,5,NSW,332,10.1,11.2,19,139860
2001,6,NSW,41.2,9.7,9.1,19.3,142210
2001,7,NSW,109.8,8.7,9.5,16.8,173030
2001,8,NSW,55.8,14.2,8.8,18.9,154450
2001,9,NSW,34.8,17.5,12.8,21.9,142230
2001,10,NSW,31.8,23.2,13.8,23.8,149080
2001,11,NSW,69.2,18.5,15.6,23.3,154330
2001,12,NSW,27.4,24.3,18.6,26.6,224380
2002,1,NSW,68,27.2,19.7,26.8,158330
2002,2,NSW,329.2,19,19.1,25.1,179990
2002,3,NSW,56,16.5,18.3,25.2,182270
2002,4,NSW,26.8,13.7,16.3,23.7,152000
2002,5,NSW,73.6,10.3,11.9,19.5,133540
2002,6,NSW,24.4,9.4,9.4,18.4,126950
2002,7,NSW,11.6,11.2,7.2,17.9,162930
2002,8,NSW,21.6,13.9,9.6,19,146170
2002,9,NSW,15,19.5,11.7,22.9,137380
2002,10,NSW,9.2,22.5,14.3,24.6,173850
2002,11,NSW,21,22.6,17.1,25.9,170310
2002,12,NSW,87,25.8,18,25.9,217700
2003,1,NSW,12.4,26,19.9,27.6,163840
2003,2,NSW,57,19.3,20.3,27.2,173750
2003,3,NSW,74.6,18.3,17.9,24.6,158770
2003,4,NSW,244.8,13.1,15,21.9,129290
2003,5,NSW,388.4,9.4,13.1,20.3,102650
2003,6,NSW,42.6,10.1,10.4,19.5,116150
2003,7,NSW,47.6,10.2,8.2,17.4,163600
2003,8,NSW,43.2,13.4,8.9,18.9,138100
2003,9,NSW,9.2,18.2,11.9,22.4,147840
2003,10,NSW,61.2,18.2,12.8,21.2,167670
2003,11,NSW,89.4,22.7,15.4,22.9,195020
2003,12,NSW,50,21.8,18.9,26.5,229690
2004,1,NSW,51.4,24.6,20,27.8,165800
2004,2,NSW,112,20.8,20.3,27.8,183590
2004,3,NSW,68,17,18.8,25.6,168630
2004,4,NSW,44.6,14.7,16.1,23.8,157720
2004,5,NSW,11.8,11.7,11.1,20.6,134780
2004,6,NSW,43.8,10.1,9,19.8,133860
2004,7,NSW,34.8,9.8,8.7,17.4,171830
2004,8,NSW,102.8,13.1,9.7,19.3,153030
2004,9,NSW,83.8,15.3,11.8,21.4,143770
2004,10,NSW,174.6,20.1,14.6,23.3,170030
2004,11,NSW,54.4,22.1,16.3,25.7,184890
2004,12,NSW,94,25.1,18.1,26.1,235480
2005,1,NSW,54,25.4,19.7,27,193910
2005,2,NSW,106.8,23.8,19.4,27.4,201750
2005,3,NSW,80.2,17.5,17.1,23.8,201640
2005,4,NSW,25.8,14.3,16.5,25.2,163380
2005,5,NSW,52.6,10.4,12.2,20.4,134080
2005,6,NSW,67.8,8.6,10.5,19.3,141600
2005,7,NSW,74.2,10.4,9.2,18.7,189340
2005,8,NSW,1.4,14.1,9,19.6,162740
2005,9,NSW,48,16.3,12,20.7,155720
2005,10,NSW,45.6,18.7,15.5,24.4,175440
2005,11,NSW,99.4,21.5,17.1,24.8,184280
2005,12,NSW,22.4,23,18.9,29.5,237650
2006,1,NSW,73.6,21.5,20.7,28,183220
2006,2,NSW,29.4,20.7,20.7,27.9,199280
2006,3,NSW,34.8,17.3,19.7,26.8,186520
2006,4,NSW,11.4,16.4,14.1,23.7,174950
2006,5,NSW,27.6,10.7,11.1,19.9,131030
2006,6,NSW,207.2,7.7,8.6,16.4,139550
2006,7,NSW,135,8.9,9,17.3,180390
2006,8,NSW,87.8,12.7,9.7,19,153620
2006,9,NSW,144.2,18.1,13.2,22.9,155370
2006,10,NSW,15.6,20.7,14.6,24.4,184600
2006,11,NSW,28.4,21.8,16.3,25,194160
2006,12,NSW,72,22.5,17.5,25,250830
2007,1,NSW,47,27.9,19.8,27.5,184170
2007,2,NSW,105.4,21.2,20.4,26.8,207050
2007,3,NSW,70.2,17.2,19,26.3,207800
2007,4,NSW,101.6,14.1,15.6,22.8,174790
2007,5,NSW,10.8,11.4,13.2,22.7,139620
2007,6,NSW,319.4,7.2,9.3,16.7,146460
2007,7,NSW,36.8,10.1,7.9,16.8,181440
2007,8,NSW,86.6,12.5,11.2,20.1,163070
2007,9,NSW,43,17.9,12.1,21,161210
2007,10,NSW,13.6,22.1,15.4,25.8,175810
2007,11,NSW,120.6,23,17.3,23.7,196010
2007,12,NSW,77.4,22,18.6,25.4,243200
2008,1,NSW,68.6,22.6,20.3,27,182160
2008,2,NSW,256.2,17.9,18.5,24.6,226880
2008,3,NSW,35,19.1,17.5,25.6,204300
2008,4,NSW,149.8,12.5,13.8,21.1,166570
2008,5,NSW,3.4,11.2,11.2,20.2,144200
2008,6,NSW,114,7.4,11.6,18.7,138310
2008,7,NSW,83.2,9.7,7.9,17.1,217450
2008,8,NSW,50.4,12.5,7.9,17.3,158180
2008,9,NSW,76,17.6,11.9,21.7,146090
2008,10,NSW,50.6,19.4,14.3,24,166460
2008,11,NSW,53.6,20.3,16.6,24.1,178360
2008,12,NSW,68,23.8,18,27,241970
2009,1,NSW,19,26.5,19.6,28.7,181760
2009,2,NSW,104.8,19,19.6,26.1,203630
2009,3,NSW,52,17.3,18.7,26.2,190670
2009,4,NSW,183.2,12.5,15.6,22.6,177100
2009,5,NSW,133,10.3,12.4,20.4,136490
2009,6,NSW,79.2,7.9,10.1,18.3,128640
2009,7,NSW,57.4,10.1,8.7,18.1,164190
2009,8,NSW,6.4,13.8,9.9,21.5,156840
2009,9,NSW,22.6,17.2,13,23.5,157060
2009,10,NSW,134.2,18.3,14.1,21.9,183700
2009,11,NSW,25.4,21.8,18.5,27.2,181810
2009,12,NSW,59.8,23.1,19.2,26.4,259890
2010,1,NSW,26.4,22.9,20.6,28,184810
2010,2,NSW,156.8,18.5,21.2,28.1,224490
2010,3,NSW,42.4,17.1,19.4,26.7,204450
2010,4,NSW,37.2,14.1,15.7,24.2,165850
2010,5,NSW,183.2,9.6,11.9,20.4,144250
2010,6,NSW,104.2,8.7,9.4,17.5,144480
2010,7,NSW,79.8,7.9,9.1,16.8,182360
2010,8,NSW,25.8,13.8,9.2,18.3,166860
2010,9,NSW,35.4,16.2,11.9,21.1,173780
2010,10,NSW,86.8,17.2,14.7,22.6,184540
2010,11,NSW,156.6,21,16.8,24.1,194320
2010,12,NSW,105.6,23.2,18.8,26.7,265450
2011,1,NSW,38.2,22.8,20.8,28.1,196020
2011,2,NSW,14.4,17.6,21,29,225040
2011,3,NSW,183.4,14.1,19.2,26.3,196410
2011,4,NSW,211,12.4,14.7,22.5,175120
2011,5,NSW,97.2,10.2,10.5,19.1,141050
2011,6,NSW,48,8.7,10.2,18,137620
2011,7,NSW,250.4,9.1,8.6,17.2,175730
2011,8,NSW,40.8,11.8,10.4,19.4,168820
2011,9,NSW,55.2,15.4,12.3,21.7,161770
2011,10,NSW,47.6,18.5,14.3,21.9,189450
2011,11,NSW,151.8,18.5,17.7,25.9,195730
2011,12,NSW,113.4,20.1,16.8,22.6,261820
2012,1,NSW,110.6,23.2,19.7,26.9,193270
2012,2,NSW,138,18.3,19.4,26.1,220150
2012,3,NSW,199.4,14.7,17.8,24.9,208720
2012,4,NSW,121,13.4,15.5,23.6,174500
2012,5,NSW,29.2,11.3,11.1,20.4,143040
2012,6,NSW,198.2,7.6,9.7,17.7,144940
2012,7,NSW,53.4,9.2,8.9,17.3,169360
2012,8,NSW,12.6,13.8,8.8,19.9,176510
2012,9,NSW,20,18.2,11.9,22.6,162790
2012,10,NSW,23.4,21.3,13.7,23.7,188560
2012,11,NSW,41,19.7,16.9,24.4,205910
2012,12,NSW,26.6,22.6,18.7,26.9,273250
2013,1,NSW,147,22.2,20.4,28.3,188870
2013,2,NSW,141.2,19.9,19.8,26.5,238430
2013,3,NSW,57.4,18,19.1,27,220950
2013,4,NSW,161,13.6,14.8,23.5,176770
2013,5,NSW,62.2,10.9,11.6,21.1,154600
2013,6,NSW,336.6,6.8,10.8,18.2,161070
2013,7,NSW,32.4,10.1,9.4,19.6,188040
2013,8,NSW,15.6,14,10.3,21.2,190370
2013,9,NSW,69.8,17.5,13.8,25.2,180970
2013,10,NSW,16.4,22,14.6,26.1,205820
2013,11,NSW,181.2,18.5,16.4,24.7,223960
2013,12,NSW,57.8,24.6,18.7,27.3,308030
2014,1,NSW,11.8,24,19.8,27.9,225950
2014,2,NSW,58,17.9,20,26.8,261470
2014,3,NSW,153.4,15.3,19.1,26.8,237870
2014,4,NSW,72.6,11.4,16,23.6,203490
2014,5,NSW,19.6,11,13,22.6,180320
2014,6,NSW,110.4,8.7,10.9,19.4,166080
2014,7,NSW,12,10.1,8.8,18.8,201340
2014,8,NSW,256.4,11,9.7,17.3,194120
2014,9,NSW,41.8,16.3,12.3,21.5,188280
2014,10,NSW,124.2,20.3,15,25,210560
2014,11,NSW,13.6,21.6,17.9,26.3,233180
2014,12,NSW,119.2,22,19.2,27.3,314940
2015,1,NSW,120,22.6,20.5,28.3,214350
2015,2,NSW,48,20.1,20.6,27.4,281790
2015,3,NSW,52.8,16.2,18.4,26.8,265090
2015,4,NSW,343.6,11,15.3,22.6,206130
2015,5,NSW,89.8,9.9,12.6,20.7,185950
2015,6,NSW,94.8,8.6,10.1,18.4,171900
2015,7,NSW,48.4,9.9,7.9,17.2,214220
2015,8,NSW,60,12.4,9.4,19.5,213400
2015,9,NSW,67.2,16.8,11.9,20.3,204230
2015,10,NSW,29.4,19.1,16.8,26,226460
2015,11,NSW,20.2,20.4,17.6,26.8,251080
2015,12,NSW,67.2,23.7,18.4,27,350330
2016,1,NSW,262.8,19.8,19.6,27.9,245020
2016,2,NSW,40.4,22.5,20.8,28.4,316290
2016,3,NSW,155.8,17.5,19.7,27,298660
2016,4,NSW,81,13.9,16.8,24.8,235320
2016,5,NSW,13.4,11.3,12.8,23.4,204520
2016,6,NSW,283,8.5,10.9,19.2,199940
2016,7,NSW,114.2,10.1,9.8,19,248040
2016,8,NSW,131.4,12.3,9.8,19.2,233070
2016,9,NSW,67.8,15.9,13,21.5,231420
2016,10,NSW,34.2,21.1,14,24,249410
2016,11,NSW,26.8,24.3,17.1,26.4,280130
2016,12,NSW,58.4,22,19.8,28.8,377470
2017,1,NSW,48.4,22,21.2,30.1,297840
2017,2,NSW,158,19.7,20.5,29,313880
2017,3,NSW,229.2,13,19.8,25.9,305540
2017,4,NSW,94.4,13.8,14.7,23.5,275910
2017,5,NSW,32.4,11.1,12.4,21.1,222860
2017,6,NSW,113.6,8.9,10.1,18.1,221400
2017,7,NSW,18,11.1,8.1,19.4,269510
2017,8,NSW,27.2,13.8,9.2,19.4,257000
2017,9,NSW,0.2,18,12,24.1,247690
2017,10,NSW,59.6,19.6,15.6,24.7,279160
2017,11,NSW,38.4,22.2,16.7,24.7,302790
2017,12,NSW,52,22.3,19.6,29.3,389480
2018,1,NSW,28.8,22.4,20.1,29.2,270170
2018,2,NSW,92.2,21.5,19.7,27.8,360980
2018,3,NSW,108.8,17.1,19.2,27.3,343770
2018,4,NSW,23.4,14.6,18,26.2,258380
2018,5,NSW,17.8,11.4,11.8,21.8,229400
2018,6,NSW,162.8,8.9,9.6,17.8,229540
2018,7,NSW,16,11.4,8.3,20.4,271210
2018,8,NSW,5.2,13.2,8.9,19.3,264220
2018,9,NSW,67.6,16.6,11,21.1,251580
2018,10,NSW,146,17.9,14.9,22.3,283930
2018,11,NSW,92.6,21.8,16.8,25.3,306210
2018,12,NSW,70.2,24,19.2,28.4,403740
2019,1,NSW,73.2,23.1,21.4,30.6,282660
2019,2,NSW,76.8,20.7,19.4,28,357420
2019,3,NSW,198,15.5,19.1,27.4,314010
2019,4,NSW,15,13.9,15.8,24.8,267170
2019,5,NSW,7.6,11.2,12.6,22.6,251990
2019,6,NSW,154.8,8.8,9.9,18.2,235050
2019,7,NSW,39.2,11,9.4,19.9,268050
2019,8,NSW,45.8,13.2,9.2,19.3,282800
2019,9,NSW,83.8,16.6,12.1,22.2,251730
2019,10,NSW,30,22.6,14.7,25.2,285200
2019,11,NSW,24.4,24.6,16.6,27.2,298050
2019,12,NSW,0.8,24.3,18.7,28.5,388710
2000,1,ACT,53,27,11.4,25.1,3240
2000,2,ACT,10.6,23.4,13.6,29.2,3280
2000,3,ACT,44,16.2,13.1,25.7,3160
2000,4,ACT,49.2,13.2,5.7,20.4,3530
2000,5,ACT,67,9.4,2.5,15.1,2400
2000,6,ACT,24.2,8.6,-0.8,12.6,3710
2000,7,ACT,30,8.8,0,11.9,5000
2000,8,ACT,77.2,11.8,0.3,13.5,2590
2000,9,ACT,68.6,16.6,4,18.2,5430
2000,10,ACT,86,19,6,19.5,3440
2000,11,ACT,139,19.4,11.8,22.8,3030
2000,12,ACT,27.2,30,12,28,4660
2001,1,ACT,34.4,23.4,14.7,31.2,3540
2001,2,ACT,109,21.5,15.1,29,4350
2001,3,ACT,87.6,18.8,10.7,23.7,3740
2001,4,ACT,23.2,13.6,6,21.3,4430
2001,5,ACT,3.2,11.2,2,16.6,3020
2001,6,ACT,35.2,8.6,-0.4,14.3,2450
2001,7,ACT,56.4,8.4,-0.6,12.6,5360
2001,8,ACT,76.6,11.9,1.3,13.7,3890
2001,9,ACT,71,16.9,4.3,18.8,3600
2001,10,ACT,59.6,21.7,5.1,18.9,2890
2001,11,ACT,54.6,23.6,7.5,22.4,2920
2001,12,ACT,11.4,27.7,10.6,26.5,4390
2002,1,ACT,31,26.7,13,28.7,3950
2002,2,ACT,70,19.6,13.6,24.5,4890
2002,3,ACT,20,19.5,10.4,25.5,4320
2002,4,ACT,17.2,14.5,8.1,22.6,4010
2002,5,ACT,23.8,10.2,2.5,16.2,2970
2002,6,ACT,43.8,9,2,13.4,3220
2002,7,ACT,18.6,10,-1.5,12.8,4920
2002,8,ACT,23.8,14.2,-0.9,14.9,2810
2002,9,ACT,65.6,17.7,3.2,17.9,2900
2002,10,ACT,12,21.9,5.2,21.7,4270
2002,11,ACT,13.2,24.7,10.4,27.7,3500
2002,12,ACT,20.2,26.3,11.6,28.4,4550
2003,1,ACT,11,27.5,13.8,30.6,4100
2003,2,ACT,90.6,22.4,15.4,29.2,4820
2003,3,ACT,34,19.8,10.2,23.9,3700
2003,4,ACT,15.2,13.4,8.2,20.1,3390
2003,5,ACT,9.2,10.1,4.8,17.2,2260
2003,6,ACT,34.4,8,2.4,13.2,2840
2003,7,ACT,35.6,9.2,0.4,12.5,4560
2003,8,ACT,94.6,11.8,0.9,13.3,3040
2003,9,ACT,44.6,18.2,3.7,16.8,3360
2003,10,ACT,56.4,20.5,5,17.9,4910
2003,11,ACT,66.8,25.1,8.5,24.4,4270
2003,12,ACT,54.8,26.5,13.2,27.6,5670
2004,1,ACT,41.2,26.9,13.3,29.5,4550
2004,2,ACT,33.6,22.8,13.9,30.5,5690
2004,3,ACT,1,20.6,10.4,27,4290
2004,4,ACT,9.2,14.4,7.6,22.1,4870
2004,5,ACT,12.4,10.7,1.5,16.5,3430
2004,6,ACT,13.2,8.7,1.5,13.1,3740
2004,7,ACT,13,8.9,-0.4,12.1,5140
2004,8,ACT,60.4,12.3,1.3,14.6,3260
2004,9,ACT,62.4,16.6,3.6,17.5,3730
2004,10,ACT,65.8,20.7,7.2,20.3,3580
2004,11,ACT,81,25.6,9.1,23.7,3370
2004,12,ACT,108.2,26.4,12,26.4,5660
2005,1,ACT,44.2,25.8,13.7,28.8,3860
2005,2,ACT,56,21.9,13.1,27,4950
2005,3,ACT,24.6,20.2,10.2,24.5,4120
2005,4,ACT,9,15.4,7.3,24.3,4210
2005,5,ACT,0.8,11.3,2,18.3,2720
2005,6,ACT,71.8,7.2,2.1,13.9,2940
2005,7,ACT,101.8,9,0.7,12.7,3940
2005,8,ACT,47.2,13.3,-0.6,14.5,2990
2005,9,ACT,83.4,15.4,4.4,16.4,3910
2005,10,ACT,54.6,19,7.6,20.4,3740
2005,11,ACT,32.2,25,11.1,22.9,3630
2005,12,ACT,22.4,26,11.8,28.8,5150
2006,1,ACT,76.2,24.1,16.5,30.6,3660
2006,2,ACT,47.2,26.2,15.2,30.5,4890
2006,3,ACT,12.8,19.9,12.2,27,3850
2006,4,ACT,13.6,15.2,4.5,19.6,3470
2006,5,ACT,7.8,10.1,2.3,16.1,2660
2006,6,ACT,64.6,7.7,-0.4,11.8,3550
2006,7,ACT,53.2,8.7,1.5,12.5,4880
2006,8,ACT,13.4,13.5,-0.6,15.4,2910
2006,9,ACT,10.8,18.8,3.8,19.3,3590
2006,10,ACT,5.6,25.7,5.3,24,3840
2006,11,ACT,27,24.8,9.9,26.4,5220
2006,12,ACT,8,24.6,12.6,27.7,5300
2007,1,ACT,60.6,27.7,14.6,30.8,4280
2007,2,ACT,101.8,21.7,15.2,28.3,4890
2007,3,ACT,29,18.6,12.6,25.8,4180
2007,4,ACT,34,14,7.6,22,3980
2007,5,ACT,55.6,10,4.6,17.9,2900
2007,6,ACT,58.8,7.8,1.8,11.6,2780
2007,7,ACT,26.8,9.4,-0.3,11.4,5600
2007,8,ACT,8.4,12.2,3.6,15.2,3980
2007,9,ACT,19,17.4,2.6,17.4,4170
2007,10,ACT,36.4,22.6,7.6,23,4650
2007,11,ACT,127.6,22.1,11.1,24.8,5130
2007,12,ACT,98,23,12.6,25.1,5950
2008,1,ACT,47.8,26,14.9,29.2,4250
2008,2,ACT,84.4,22,12.7,24.5,5930
2008,3,ACT,36.4,19.5,10.1,26,5150
2008,4,ACT,11.4,14.7,4.4,19.6,3900
2008,5,ACT,11,10.8,0.9,17.2,3220
2008,6,ACT,29.4,7.6,3.3,14.5,3770
2008,7,ACT,53.4,8.8,-0.9,11.6,6430
2008,8,ACT,20.8,12.6,-1,13,4600
2008,9,ACT,31.2,18.1,3.1,18.3,3770
2008,10,ACT,37.2,22.9,6.9,23.1,4630
2008,11,ACT,66.4,22.7,10.5,23.1,5730
2008,12,ACT,105.2,26.3,12.2,24.9,5520
2009,1,ACT,59,30.3,14.1,31.3,4780
2009,2,ACT,4,22,14.8,28.9,6920
2009,3,ACT,8.6,18.4,11.7,26.6,4610
2009,4,ACT,98.6,13.2,8.6,19.6,4340
2009,5,ACT,5,10.1,4.3,16.4,3560
2009,6,ACT,28.4,7.3,3.4,12.4,3880
2009,7,ACT,33.4,9.3,1.1,12.6,5940
2009,8,ACT,31.8,12.2,1.6,14.7,4360
2009,9,ACT,65.6,17,3.8,17.6,4540
2009,10,ACT,75.2,18.2,6.8,18.8,4200
2009,11,ACT,12.8,25.3,12.5,28.8,5170
2009,12,ACT,98.4,28,12.4,29,5800
2010,1,ACT,6.6,28.6,16,31.6,5400
2010,2,ACT,162.6,20.8,15.6,27.2,7320
2010,3,ACT,112.8,18.1,11.8,24.9,5660
2010,4,ACT,21.4,14.3,7.6,21.4,4120
2010,5,ACT,53.8,10.3,2.9,16.6,3630
2010,6,ACT,36,8.5,0.6,13.3,4130
2010,7,ACT,53.8,8.9,-0.3,12.8,6270
2010,8,ACT,60,11.8,1.8,12.5,5140
2010,9,ACT,99,17.2,4.1,16.7,3960
2010,10,ACT,151.6,19.2,8,19.7,5490
2010,11,ACT,148,21.1,10,22.5,4670
2010,12,ACT,253.4,25.5,12.1,24.9,5750
2011,1,ACT,70.6,23,16,28.7,4100
2011,2,ACT,192,19.8,15.6,26.5,6830
2011,3,ACT,78.2,16.4,12.5,23.3,4940
2011,4,ACT,11.4,13.7,6.5,19.4,4500
2011,5,ACT,24.6,10.6,0.8,15.3,3670
2011,6,ACT,11,8.3,1.3,13.4,4210
2011,7,ACT,37.6,8.5,-0.2,12.2,6390
2011,8,ACT,62.2,11.9,1.9,15.8,3880
2011,9,ACT,40.4,15.9,2.7,17.9,5240
2011,10,ACT,41,19.4,6.5,20.3,4930
2011,11,ACT,190.2,21.4,11,25,6830
2011,12,ACT,140.6,24.5,11.3,23.4,7260
2012,1,ACT,85,25.5,13.2,26.8,4820
2012,2,ACT,146.2,18.6,13.1,24.7,8100
2012,3,ACT,269.6,14.9,10.5,22.1,5080
2012,4,ACT,45.6,13.5,6.5,20.2,4760
2012,5,ACT,27.8,10.6,0.1,15.5,3670
2012,6,ACT,42.6,7.5,0.6,12.7,4340
2012,7,ACT,44,9.1,-1.2,12.7,6590
2012,8,ACT,27.6,12.5,-0.5,13.5,5180
2012,9,ACT,40.4,17,2.6,18,6030
2012,10,ACT,58.6,22.4,4.1,20.9,5690
2012,11,ACT,39.4,22.3,10.2,25.3,5500
2012,12,ACT,20,25.3,12.8,27.2,7920
2013,1,ACT,88,27.6,14.8,32,5690
2013,2,ACT,65,19.8,14,26.8,8170
2013,3,ACT,22.2,19.9,10.7,25.1,5010
2013,4,ACT,15.2,14.2,6,21.8,4420
2013,5,ACT,12.6,10.3,2.1,16.8,4160
2013,6,ACT,79.8,7.3,1.9,13.4,4510
2013,7,ACT,48.2,8.2,1.6,12.7,7240
2013,8,ACT,30.2,12.2,2.6,14.3,4780
2013,9,ACT,107.8,16.3,4.7,19.7,5410
2013,10,ACT,12,21.6,4.4,21.9,5350
2013,11,ACT,80.4,21.7,7.5,23.7,5140
2013,12,ACT,15.2,26.2,12.2,28.5,7690
2014,1,ACT,13.2,26.9,13.2,31.2,5370
2014,2,ACT,150.8,21.4,14.2,28.9,8280
2014,3,ACT,71.8,15.4,12.8,24.1,4560
2014,4,ACT,111.2,11.9,8.2,19.3,4280
2014,5,ACT,18.4,10.1,3,17.4,4360
2014,6,ACT,81,7.3,3.3,13,4220
2014,7,ACT,18.2,8.7,0.8,12.1,6390
2014,8,ACT,27.6,12.4,0,13.9,5000
2014,9,ACT,29.2,16.5,3.6,17.8,5030
2014,10,ACT,36.8,20.4,6.7,22.7,6520
2014,11,ACT,36,23.7,10.7,27.3,6390
2014,12,ACT,88.6,25.2,13.7,27.3,9040
2015,1,ACT,144.6,22.9,14.7,26.9,5980
2015,2,ACT,55.2,20,14.4,27.1,9270
2015,3,ACT,11.8,18.9,9.8,25.6,6520
2015,4,ACT,96.8,9.9,7.8,18.5,4800
2015,5,ACT,14.8,10,3,16,4260
2015,6,ACT,83.4,8.6,-0.1,13.3,4910
2015,7,ACT,49.4,8.6,0,10.9,7900
2015,8,ACT,79.2,11.2,1.2,13.4,4740
2015,9,ACT,9.6,17.3,2.3,17.2,4980
2015,10,ACT,31.4,20,9,24.8,6100
2015,11,ACT,113.8,23.2,11.5,24.4,6320
2015,12,ACT,30.8,27.3,12,28.6,7750
2016,1,ACT,108.4,20.1,14.6,27.7,5180
2016,2,ACT,31.4,24.1,14.1,29.1,8980
2016,3,ACT,54.4,17.4,13.3,26.8,7590
2016,4,ACT,6.6,14.4,8.3,23.4,5720
2016,5,ACT,37.2,10.8,4.2,17.2,4050
2016,6,ACT,184,7.7,3.2,12.8,4510
2016,7,ACT,64.4,9,2.1,12.6,8790
2016,8,ACT,38.2,11.8,1.3,14.2,4210
2016,9,ACT,151,13.5,4.9,15.7,5950
2016,10,ACT,40.4,19.2,6,18.5,6770
2016,11,ACT,53.4,26.1,9.2,25,6690
2016,12,ACT,93.4,23.5,14,28.1,9810
2017,1,ACT,10.6,24.8,15.4,31.9,6620
2017,2,ACT,23,20.4,13.7,29.6,10340
2017,3,ACT,114.8,14.8,13.6,25.5,6860
2017,4,ACT,32.4,12.9,6.3,19.6,7170
2017,5,ACT,61,10.3,2.2,16.2,4390
2017,6,ACT,1.4,9.3,-0.5,13.4,6610
2017,7,ACT,16.4,9.6,-1.7,12.7,10620
2017,8,ACT,54.2,12.9,0.5,13.6,7430
2017,9,ACT,13.2,17.5,3.4,17.8,7460
2017,10,ACT,41.8,20.3,7.6,22.6,7330
2017,11,ACT,160.4,22.6,10,23.8,8170
2017,12,ACT,100,23.1,14.1,27.4,10530
2018,1,ACT,37.4,24,14.8,31,8260
2018,2,ACT,66.2,21.8,13.4,28.3,13630
2018,3,ACT,1.4,18.4,10.7,26.3,8700
2018,4,ACT,16.6,13.8,8.9,24.9,9820
2018,5,ACT,10,10.4,1.8,17.3,7790
2018,6,ACT,24.6,8.4,1.9,13,7470
2018,7,ACT,6,10.6,-1.8,13.3,12070
2018,8,ACT,24,12.2,0.8,13.7,6490
2018,9,ACT,28.4,17.2,2,17.9,7200
2018,10,ACT,27.4,19.7,7.9,22.4,7980
2018,11,ACT,52,21,10.6,24.1,9120
2018,12,ACT,109.4,24.9,13.4,29.1,11230
2019,1,ACT,63.2,25.2,18,34.1,8030
2019,2,ACT,26.4,22.8,13.3,28.9,14420
2019,3,ACT,73.8,15.6,12.3,25.6,8280
2019,4,ACT,8,14,7.4,22.5,7220
2019,5,ACT,55.2,10,2.9,16.4,6140
2019,6,ACT,17.8,9.3,-0.3,13.7,6960
2019,7,ACT,7,9.9,0.4,13.6,11130
2019,8,ACT,18.6,13,0.4,14.1,8000
2019,9,ACT,33,16.2,2.4,18.6,8460
2019,10,ACT,23.4,21.8,6.1,23.3,8110
2019,11,ACT,23,25.9,9.4,26.2,9520
2019,12,ACT,0.8,26.9,13.4,31.2,12920
2000,1,QLD,40.4,23,20,29.3,88620
2000,2,QLD,65,19.9,19.8,28.4,107660
2000,3,QLD,83.8,19.5,20.1,28.8,104280
2000,4,QLD,42.8,14.7,17.7,26.5,113620
2000,5,QLD,53.4,13,14.6,23.7,95140
2000,6,QLD,43.2,11.9,10.7,21,115840
2000,7,QLD,37.4,14,9.2,21.8,129700
2000,8,QLD,10.6,16.2,9.8,23.5,117080
2000,9,QLD,1,22.1,13.4,27,90230
2000,10,QLD,44.6,19.8,16.6,26.5,115220
2000,11,QLD,94.6,20.6,17.7,26.6,120840
2000,12,QLD,143,24,20.4,29.3,135500
2001,1,QLD,25.8,25.5,21.1,30.4,107960
2001,2,QLD,204.4,21.4,20.3,29.1,98480
2001,3,QLD,247.4,19.1,20.8,29.8,113590
2001,4,QLD,33.4,17,17.3,26.9,115840
2001,5,QLD,36,14.5,12.9,24.5,98830
2001,6,QLD,20,12.3,11.8,23.2,133220
2001,7,QLD,27.6,13.7,9.9,22.4,139450
2001,8,QLD,8.4,18,9.5,23.1,125410
2001,9,QLD,24.6,19,12.9,25.1,114220
2001,10,QLD,96.4,22.8,15.9,27.8,102350
2001,11,QLD,192,21.5,18,27.5,97160
2001,12,QLD,145.2,24.5,21,30.6,124000
2002,1,QLD,38.8,25.7,21.6,31.4,90590
2002,2,QLD,56.6,20.6,21.8,31.3,102480
2002,3,QLD,103.6,21.1,19.7,29.9,112280
2002,4,QLD,49.8,17.1,17.3,27.8,98320
2002,5,QLD,54.2,14.3,13.4,24.1,97660
2002,6,QLD,64.4,11.9,11.2,22.4,117080
2002,7,QLD,0.4,15.1,8,22.5,131800
2002,8,QLD,108.2,15.3,11.3,22.5,119760
2002,9,QLD,13.6,21.1,14.2,26.3,110640
2002,10,QLD,44.8,23.4,15.9,27.6,120690
2002,11,QLD,49.2,25.8,18.6,28.3,122380
2002,12,QLD,125,28,20.1,29.7,130670
2003,1,QLD,5.2,26.3,20.2,30.4,103470
2003,2,QLD,40,16.6,21.2,28.8,101110
2003,3,QLD,80.8,17.9,19.2,27.9,97870
2003,4,QLD,113.4,16,17,26.2,91830
2003,5,QLD,81.6,13.7,13.6,24.1,79590
2003,6,QLD,52,12,11.8,22.4,99630
2003,7,QLD,21.4,13.4,9.9,21.2,131360
2003,8,QLD,22.2,15.3,10.8,22.6,121170
2003,9,QLD,19.8,22.4,13.5,27.6,119910
2003,10,QLD,50.8,20.5,15.7,26.5,123400
2003,11,QLD,26.6,26.3,17.2,27.7,127950
2003,12,QLD,141.6,23.2,20.6,29.1,142290
2004,1,QLD,279.2,24,22.4,31.5,117420
2004,2,QLD,131.2,23.9,22.3,32.2,113410
2004,3,QLD,103.2,19,20.3,29,114230
2004,4,QLD,31,16.6,17.8,27.4,115940
2004,5,QLD,18.4,14.4,12.2,24.7,106560
2004,6,QLD,14.4,13.4,10.7,23.3,127730
2004,7,QLD,0.6,14,9.8,23,158110
2004,8,QLD,17.4,17.7,9.9,23.6,137040
2004,9,QLD,20.8,20.8,13,25.2,132640
2004,10,QLD,57.2,21.9,17.1,28.4,136120
2004,11,QLD,161.4,24.5,18.5,28.2,134390
2004,12,QLD,221.8,23.7,20.3,29.3,153380
2005,1,QLD,91,23.8,21.5,30.2,118720
2005,2,QLD,34.8,25.2,21.9,30.8,123730
2005,3,QLD,12.4,21.7,18.9,29.3,130010
2005,4,QLD,48.8,17.8,17.7,27.7,117000
2005,5,QLD,52.8,14.1,13.7,24.8,108240
2005,6,QLD,89.2,10.4,12.8,21.9,128540
2005,7,QLD,9.8,13.2,11.3,22.4,169640
2005,8,QLD,23.4,16.1,10.6,23,147330
2005,9,QLD,14.6,19.8,13.6,25.5,134860
2005,10,QLD,129.8,20.9,18.3,28.3,136840
2005,11,QLD,133.2,21.9,19.8,28.1,129270
2005,12,QLD,78.2,23,21.9,32.1,151570
2006,1,QLD,174,24.8,22.5,30.6,121930
2006,2,QLD,106.6,23.1,22.2,30.8,116970
2006,3,QLD,78.8,17.4,19.8,28.3,121600
2006,4,QLD,48.4,18.2,16.9,27.8,120540
2006,5,QLD,10,15.5,12.4,25,106050
2006,6,QLD,43.8,11.8,11.4,21.8,130580
2006,7,QLD,32.4,12.6,10.7,22.5,159900
2006,8,QLD,55.2,16.9,11.1,24,136790
2006,9,QLD,57,19.7,14.3,24.2,143670
2006,10,QLD,21.4,22.5,16.1,25.9,134380
2006,11,QLD,85.4,26.2,18.1,27.6,131770
2006,12,QLD,82.6,23.1,18.7,27.4,152070
2007,1,QLD,99,24.2,21.3,29.8,112290
2007,2,QLD,57.2,22,20.8,29.4,120330
2007,3,QLD,20.6,21.6,20.6,30.8,125380
2007,4,QLD,3.2,17.6,17.3,28,116730
2007,5,QLD,39,13.9,16,26.5,106120
2007,6,QLD,112.6,10.5,12.2,20.4,131890
2007,7,QLD,1,14.4,8.3,21.3,153830
2007,8,QLD,91.2,14.4,11.4,23.1,139900
2007,9,QLD,32.4,19.5,13.8,25.5,140060
2007,10,QLD,55.2,22.2,17.5,27.9,135910
2007,11,QLD,61.8,21.2,18.3,26.7,130630
2007,12,QLD,79.2,19.7,20.5,28.5,148830
2008,1,QLD,184.4,20.3,21.5,28.9,105440
2008,2,QLD,216.8,20.2,20.9,29,126730
2008,3,QLD,41.8,19.3,18.1,27.3,122080
2008,4,QLD,16.8,17.1,15.6,26.1,110660
2008,5,QLD,52,13.8,12.3,24.3,112620
2008,6,QLD,121.8,11.4,12.4,22.9,117720
2008,7,QLD,91.4,11.3,10.4,20.6,149300
2008,8,QLD,15.8,16.6,8.9,21.6,131570
2008,9,QLD,55.6,18,14.5,24.6,123350
2008,10,QLD,55.2,22.7,14.7,24.9,139450
2008,11,QLD,326.6,20,19.3,28.2,120880
2008,12,QLD,62.6,25.2,20.7,30.2,141350
2009,1,QLD,77.4,21.5,21.3,30.1,105990
2009,2,QLD,131.8,20.5,21.5,29.9,107680
2009,3,QLD,47.6,19.4,20.1,29,112120
2009,4,QLD,195.2,15.6,17.8,27.4,116040
2009,5,QLD,240.8,12.6,14,24,105920
2009,6,QLD,87.6,11.2,11.3,21.6,108070
2009,7,QLD,3.6,13.5,10.2,21.4,135840
2009,8,QLD,4,17,12.1,25.5,123710
2009,9,QLD,23.4,21.4,13.6,26.7,128250
2009,10,QLD,57.4,23.3,15.6,27.8,138330
2009,11,QLD,31.4,22.9,19.7,29.5,124050
2009,12,QLD,172.2,22.7,21.6,30.2,142670
2010,1,QLD,40.2,24.3,21.9,31.1,99120
2010,2,QLD,272.4,19.8,22,30.1,122950
2010,3,QLD,162.2,15.5,20.4,28.2,120730
2010,4,QLD,36.4,15.7,18.1,27.3,106910
2010,5,QLD,61.2,13,14,23.8,96990
2010,6,QLD,6.2,11.2,11.7,21.6,117670
2010,7,QLD,27.8,10.8,11.9,21.7,154640
2010,8,QLD,104.6,15.1,10.9,22,131470
2010,9,QLD,103.6,14.4,15.5,24.8,132320
2010,10,QLD,306.4,18.7,16,24.8,130130
2010,11,QLD,57.8,20.4,18.5,26.6,126890
2010,12,QLD,479.8,16.5,20.5,27.8,147690
2011,1,QLD,315.8,20,21.2,29.6,96150
2011,2,QLD,157,20.9,21.7,30.6,111790
2011,3,QLD,149.2,16.7,20.3,28.7,102840
2011,4,QLD,100.2,14.2,17.4,26.2,107820
2011,5,QLD,69.2,13.4,12.8,23.4,100180
2011,6,QLD,10.6,11.2,10.3,20.9,106370
2011,7,QLD,12.4,12.9,9.5,21.5,151580
2011,8,QLD,76.8,14.1,11.2,22.6,133510
2011,9,QLD,18.6,18.6,12.6,24.9,113180
2011,10,QLD,117.8,17.6,15.9,25.6,130510
2011,11,QLD,15.6,25.4,19.9,28.8,118370
2011,12,QLD,132.4,18.4,18.8,27.6,145190
2012,1,QLD,343.4,19.9,20.7,28.7,107970
2012,2,QLD,162.2,22.2,21.1,29.8,111560
2012,3,QLD,118.2,17,19.7,28.2,119580
2012,4,QLD,149,15.7,17.3,26.5,109590
2012,5,QLD,36.4,14.2,12.7,24,99980
2012,6,QLD,122,10.7,12.1,21.1,122310
2012,7,QLD,51.2,12.5,11.1,21.4,147630
2012,8,QLD,0.2,17.3,9.6,23.3,139920
2012,9,QLD,5.6,19.9,13.4,25.5,137780
2012,10,QLD,21.4,22.5,15.4,27.3,136660
2012,11,QLD,116.8,23.5,18.4,28.2,131390
2012,12,QLD,50.8,25.8,21,30.5,153780
2013,1,QLD,281.6,22.4,22.3,30.5,102450
2013,2,QLD,250.6,18.4,20.6,28.5,128250
2013,3,QLD,172.4,17,19.9,28.4,127570
2013,4,QLD,104.6,16.6,16.6,26.7,103840
2013,5,QLD,44,12.5,13.5,23.3,100580
2013,6,QLD,59.4,10.3,12.2,21,123830
2013,7,QLD,39,11.1,12.6,21.8,154760
2013,8,QLD,0.2,17.8,10.8,24.8,142020
2013,9,QLD,13.2,19.1,14.9,27.2,126130
2013,10,QLD,22.6,22.7,17,28.8,137040
2013,11,QLD,104.8,22.4,18.1,28.5,124010
2013,12,QLD,19.2,24.7,19.6,29.7,155140
2014,1,QLD,143.8,22.6,21.5,30.7,110450
2014,2,QLD,15.8,21,21.2,30.2,121480
2014,3,QLD,164.4,17.4,20.1,29.2,121090
2014,4,QLD,14.2,16.5,17.9,28.2,114320
2014,5,QLD,28.6,12.9,15.1,25.1,105520
2014,6,QLD,16.2,12.2,12.6,23.3,114400
2014,7,QLD,14.2,13.8,8.5,22.4,158600
2014,8,QLD,93.2,14.1,11.9,22.7,147500
2014,9,QLD,27.6,18.8,12.9,25.2,132020
2014,10,QLD,5.8,23.6,16.6,27.8,145290
2014,11,QLD,142,23.8,20.7,29.6,127140
2014,12,QLD,124.4,20.6,21.2,29.9,162020
2015,1,QLD,322.4,20.3,22.5,30.5,106810
2015,2,QLD,274.8,20.5,20.9,29.3,136820
2015,3,QLD,161.4,19.3,21.3,30.2,133500
2015,4,QLD,146.2,16,17,26.1,118720
2015,5,QLD,248.8,13.5,13.9,24.5,111290
2015,6,QLD,34.6,11.2,12.5,21.6,120410
2015,7,QLD,9.2,12.9,10.2,21.1,174460
2015,8,QLD,27.6,15.2,11.6,23.7,146490
2015,9,QLD,54.2,17.9,12.8,24.7,146070
2015,10,QLD,55.8,20.7,16.3,27.1,151540
2015,11,QLD,74.2,22.9,19.8,29.2,141970
2015,12,QLD,36.2,21.4,20,29.2,176140
2016,1,QLD,51.4,21.2,20.9,30.4,123610
2016,2,QLD,84.4,21.4,22,32,148240
2016,3,QLD,117.4,17.3,20.7,29.9,153120
2016,4,QLD,12.8,15.7,18.5,28.8,131910
2016,5,QLD,27.6,14.2,15,27,122980
2016,6,QLD,264.8,10.9,13.1,21.5,136350
2016,7,QLD,28.2,12.9,12.3,22.5,184900
2016,8,QLD,31.6,15.4,11.8,23,161530
2016,9,QLD,51.8,17.4,15.2,24.9,163710
2016,10,QLD,30.2,23,15.1,27.1,169250
2016,11,QLD,28,26,19.4,30.2,145220
2016,12,QLD,102,23.9,21.2,30.1,185360
2017,1,QLD,218.4,24,23,31.4,133540
2017,2,QLD,30.6,24.2,22.7,32.5,141680
2017,3,QLD,100,16.4,22,30.6,152560
2017,4,QLD,5.8,15.6,16.5,26.2,144470
2017,5,QLD,36.2,13.1,15.1,24.7,128360
2017,6,QLD,80,12.3,12.9,22.8,139920
2017,7,QLD,47,14.2,10.3,22.9,194860
2017,8,QLD,5.2,17,10.9,24.7,172140
2017,9,QLD,6,20.8,14.2,27.3,158140
2017,10,QLD,148.8,18.2,18.9,27,171110
2017,11,QLD,102.6,22.2,17.7,27,154570
2017,12,QLD,97.8,25.8,20.8,30.7,196800
2018,1,QLD,25.8,26.7,21.6,31.8,139380
2018,2,QLD,285.4,20.1,21.2,29.7,168500
2018,3,QLD,145,16.6,20.8,28.7,173800
2018,4,QLD,36,15.5,18,27.8,144960
2018,5,QLD,26.8,14.3,13.9,24.8,135660
2018,6,QLD,29.2,12.4,11.4,22.6,156160
2018,7,QLD,25.8,13.8,10.8,23.2,206470
2018,8,QLD,25.8,17,9.6,24.3,191630
2018,9,QLD,15.6,18.1,13.9,24.9,169090
2018,10,QLD,179.2,18.9,16.7,26.1,169300
2018,11,QLD,13.4,25.7,18.9,29.8,153530
2018,12,QLD,51.2,24.4,20.8,30.1,204530
2019,1,QLD,27.6,25.9,22.7,31.9,141460
2019,2,QLD,38,22.1,22,31.6,165280
2019,3,QLD,181,18.2,21.5,31.2,166420
2019,4,QLD,42.6,15.8,17.9,26.9,148810
2019,5,QLD,25.4,13.3,14.3,24.9,144290
2019,6,QLD,20,12.3,12.4,22.8,156510
2019,7,QLD,14.4,13.8,11.4,23.5,206910
2019,8,QLD,3.2,15.9,11.7,24.1,194200
2019,9,QLD,8.8,20.4,14.1,27.4,160010
2019,10,QLD,55,22.6,16.5,26.8,169720
2019,11,QLD,9.6,26.6,19.6,30.6,166020
2019,12,QLD,207.8,26.6,21.2,31.9,212050
2000,1,WA,102.4,24.6,17.8,30.7,36980
2000,2,WA,0.2,28,17.7,32.2,41690
2000,3,WA,30,21.5,16,29.5,38910
2000,4,WA,41,15.2,13.4,26.2,35310
2000,5,WA,20.8,12.8,9.2,22.4,27370
2000,6,WA,95.4,9.3,9.5,20,30360
2000,7,WA,216.8,9,9.4,18.4,36640
2000,8,WA,130,12.4,7.6,18.1,30580
2000,9,WA,45.4,16.8,9.6,21.5,26930
2000,10,WA,5.4,24.4,9.2,24.9,36480
2000,11,WA,19,26.2,13,27.3,46240
2000,12,WA,0.6,31.9,15.6,31.4,65620
2001,1,WA,0.8,28.7,16.7,31.3,43130
2001,2,WA,1.8,25,16.8,31.3,43180
2001,3,WA,2.6,23.7,14.5,30.1,43670
2001,4,WA,5,16.3,12.8,27.3,37140
2001,5,WA,99,10.2,10.6,21.8,26230
2001,6,WA,56.2,10.7,6.7,20.3,29530
2001,7,WA,183.8,10.5,6.6,19,33050
2001,8,WA,120.8,12.5,6.6,18.8,31960
2001,9,WA,98,13.9,9.1,20.1,35580
2001,10,WA,27,22.6,9.4,22.6,38230
2001,11,WA,22.2,26.7,13.3,27.9,37840
2001,12,WA,5.8,29.2,13.5,27.6,55710
2002,1,WA,10.2,29.5,16.4,31.8,36020
2002,2,WA,1,27.4,16,31.7,43230
2002,3,WA,4,22,14.8,30.1,46040
2002,4,WA,76.4,14.9,13.5,25.4,32980
2002,5,WA,65.6,11.4,10.9,23.5,30000
2002,6,WA,138.2,8.8,9.3,19.5,30660
2002,7,WA,134.4,9.7,9.1,19.1,33600
2002,8,WA,79.2,13.7,6.7,19.2,31970
2002,9,WA,75,17,8.3,20.5,34740
2002,10,WA,38.4,21.4,10.3,22.8,42900
2002,11,WA,23.6,29,12.4,27.8,48100
2002,12,WA,2.2,29.4,17.1,31.4,60280
2003,1,WA,0.6,28.9,16.8,32.1,38610
2003,2,WA,19.6,25.3,17.4,32.1,43520
2003,3,WA,60.4,21.5,16.5,31.2,40680
2003,4,WA,44.8,14.6,14.1,26.2,32710
2003,5,WA,84.4,11.2,12.7,24.2,24990
2003,6,WA,158.2,9.8,8.2,19.5,28450
2003,7,WA,154.4,8.9,7.8,18.2,35980
2003,8,WA,121,12.8,7.5,18.7,32510
2003,9,WA,95.4,15.9,9.1,20.2,41130
2003,10,WA,22.2,23.1,10.1,22.8,48570
2003,11,WA,46.4,27.3,14.6,28.4,44670
2003,12,WA,2.8,30.1,14.7,29.6,59430
2004,1,WA,0,30.1,17.6,32.4,39680
2004,2,WA,9.2,25.6,18.3,32.9,43010
2004,3,WA,0.4,23,14.4,30,43070
2004,4,WA,6,14.9,13.1,27.4,38390
2004,5,WA,118,11,9.5,21.8,27610
2004,6,WA,110,7.9,10.6,20,29430
2004,7,WA,101.6,10.5,6.9,18.2,35550
2004,8,WA,149.6,12.2,7.3,17.9,32460
2004,9,WA,29.2,17.7,7.4,20.7,35660
2004,10,WA,41,21.4,10.4,23.6,41830
2004,11,WA,41,25.3,13.4,26.2,48850
2004,12,WA,3.2,29.7,15.3,31.3,62440
2005,1,WA,1,31.6,16,32,39560
2005,2,WA,2.8,26.6,16.3,31.4,48760
2005,3,WA,52.8,18,17.9,31.2,52030
2005,4,WA,20.8,15.3,11.7,25.2,36660
2005,5,WA,153.2,9.7,13.9,23.6,31850
2005,6,WA,250.2,8,8.9,18.2,32700
2005,7,WA,63.4,11.1,7.1,18.8,35660
2005,8,WA,119.2,12.1,7.6,18.8,33420
2005,9,WA,84.8,15.7,8.7,19.5,38770
2005,10,WA,50.6,21.5,8.7,21.1,45460
2005,11,WA,15.4,27.8,11.6,25.6,46470
2005,12,WA,5.8,30,12.3,24.7,64430
2006,1,WA,28.2,27.1,16.8,29.9,43620
2006,2,WA,24,25,17.2,32.2,46290
2006,3,WA,5.8,21.7,15.8,30.9,44130
2006,4,WA,32.4,15.4,10.4,23.8,40270
2006,5,WA,43.6,11.7,8.9,22.9,28130
2006,6,WA,27.8,10.6,6.3,20.3,29850
2006,7,WA,80.2,10.2,6.9,19.1,35510
2006,8,WA,124.6,12,8.9,20.6,31820
2006,9,WA,65.6,17.6,9.3,20.9,34090
2006,10,WA,24.4,23.2,11.1,24.7,48050
2006,11,WA,19.2,24.5,14.6,28.1,48530
2006,12,WA,3.8,30.4,15.7,31.5,74350
2007,1,WA,20.2,28,15.2,30.4,43150
2007,2,WA,2.8,24.6,16.4,31.4,51400
2007,3,WA,5.4,22.2,15.5,30.9,50500
2007,4,WA,70.6,15.4,11.3,25.7,43550
2007,5,WA,68.6,11.1,10.1,21.2,32990
2007,6,WA,53.4,10,9,19.9,32460
2007,7,WA,193.4,8.4,10.1,19.7,38730
2007,8,WA,113,12,8.7,19.3,38250
2007,9,WA,97.2,15.9,9,20.4,41810
2007,10,WA,46.6,21.8,9.8,23.2,47830
2007,11,WA,5.2,30.6,13.7,29,51610
2007,12,WA,16.2,26.6,14.3,28.4,70380
2008,1,WA,0,29.2,18.8,33.8,42640
2008,2,WA,39.6,25.1,19.1,32.7,53600
2008,3,WA,16.2,20.4,16.1,30,54880
2008,4,WA,135,14.5,12.1,24.3,42240
2008,5,WA,59.8,11.5,10.5,22.7,33020
2008,6,WA,170,9.6,8.9,19.7,35090
2008,7,WA,213.6,8.9,7.4,17.9,40220
2008,8,WA,19,14.8,6.7,19.4,34770
2008,9,WA,66.8,16.6,9.2,20.5,39330
2008,10,WA,33.8,20.5,11.2,24.1,44770
2008,11,WA,69,25.5,12,23.9,48730
2008,12,WA,5.4,30.4,14.6,28.6,68970
2009,1,WA,12.6,29,18.5,33.6,47110
2009,2,WA,5.4,24.7,17.6,32.5,52590
2009,3,WA,6,20.8,14.3,29.5,53130
2009,4,WA,6.8,15.8,13.5,28.1,46780
2009,5,WA,49.6,12.3,10.7,24.3,37780
2009,6,WA,131.4,8.7,8.9,19.1,37710
2009,7,WA,145.4,10.1,7.5,18,41910
2009,8,WA,129,12.3,8.7,19.1,37590
2009,9,WA,93.2,16.1,9.1,18.7,48360
2009,10,WA,4,22.9,11,24.2,46880
2009,11,WA,32.4,27.9,12.8,27.4,55210
2009,12,WA,0,31.6,15.4,32,70670
2010,1,WA,0,31.6,18.8,35,45680
2010,2,WA,0,25.7,18,33.1,54970
2010,3,WA,43.2,20.5,17.4,31.1,57020
2010,4,WA,23.2,15.1,13,25.7,45310
2010,5,WA,88.6,11.9,8.3,22.2,36720
2010,6,WA,47.2,9.9,7.4,19.3,39580
2010,7,WA,144.6,9.9,5.8,18.3,42390
2010,8,WA,60,13.7,6,19.5,40130
2010,9,WA,27.8,19.2,8,22.1,51750
2010,10,WA,25.2,24.9,9.7,25.1,50220
2010,11,WA,7.6,26.9,14.3,30.3,56440
2010,12,WA,16,27.8,15.8,30.5,76360
2011,1,WA,43.2,27.4,19,33.7,48600
2011,2,WA,0.4,25.9,20.8,34.9,61160
2011,3,WA,0,22.6,18.5,32.8,55360
2011,4,WA,26.2,16,14.2,27.9,51890
2011,5,WA,58.6,11.3,11,23.6,39160
2011,6,WA,143.2,8.8,10,19.7,39800
2011,7,WA,164.6,8.7,8.6,18.4,45430
2011,8,WA,127.8,13.6,8.8,20.2,46720
2011,9,WA,102.4,15.8,8.9,20.5,48250
2011,10,WA,63.4,20.3,12.2,24.4,51200
2011,11,WA,38.6,26.1,14.1,26.1,60330
2011,12,WA,67.4,26.9,17.5,30.6,72770
2012,1,WA,27.4,28.6,19.7,33.4,53640
2012,2,WA,19,24.8,18.3,31.3,62100
2012,3,WA,0,24.2,15.6,31.6,60270
2012,4,WA,53.2,15.1,14,26.4,52470
2012,5,WA,39.8,11.9,10.2,23,41660
2012,6,WA,134.4,8.3,10.1,19.3,43730
2012,7,WA,30.6,11,5.6,19.2,45810
2012,8,WA,117.8,13.4,8.2,20,49540
2012,9,WA,103.8,18.2,8.8,21.4,52880
2012,10,WA,13.8,21.7,11.7,24.9,55440
2012,11,WA,84.8,25.4,12.7,26.1,63340
2012,12,WA,24.8,28.3,16.8,31.4,78660
2013,1,WA,8.2,29.5,18.5,32.3,55130
2013,2,WA,1,26.9,18.6,34.6,63900
2013,3,WA,60.2,20.4,15.2,28.4,65890
2013,4,WA,7.8,13.8,16.1,28.7,50830
2013,5,WA,112.2,11.4,10.6,21.7,44580
2013,6,WA,23,10.1,7.8,19.9,46090
2013,7,WA,119.2,10.1,6.6,18.7,46770
2013,8,WA,160.6,12.1,9.9,20.3,53620
2013,9,WA,172.4,14.7,10.6,20.1,54410
2013,10,WA,32.4,22.7,11.3,24.1,57510
2013,11,WA,6.2,26.1,15.1,29.5,63200
2013,12,WA,0.8,30.2,15.5,31.1,89800
2014,1,WA,0.4,30.4,17.8,32.9,59800
2014,2,WA,0,27.3,18.2,33.7,67450
2014,3,WA,4.4,20,17.1,30.8,65920
2014,4,WA,18.6,15.1,13.1,26.9,59140
2014,5,WA,125.2,9.7,11.8,21.3,48140
2014,6,WA,92.2,9.7,7.5,19.6,49330
2014,7,WA,139.2,9.7,8.5,18.4,56760
2014,8,WA,109.6,12.5,10.2,21.5,50660
2014,9,WA,70.2,16.1,10.6,22.1,60000
2014,10,WA,34.2,21.3,11.4,24.9,62420
2014,11,WA,26.6,24,12.5,26.4,67350
2014,12,WA,0.2,30.8,14.9,29.7,88740
2015,1,WA,0.4,28.8,17.7,33.8,55370
2015,2,WA,28.4,23.9,18.6,33.1,71600
2015,3,WA,22,19.4,16.2,29.9,69950
2015,4,WA,56,14.1,13.4,25.7,59800
2015,5,WA,68.8,11.7,8.8,21.4,49060
2015,6,WA,100.2,9.9,10,21,50790
2015,7,WA,98.8,9.3,9.1,18.7,58880
2015,8,WA,102.8,12.5,9.2,19.4,55360
2015,9,WA,46.8,19,9.3,22.8,62750
2015,10,WA,19.2,22.3,12.2,27,62470
2015,11,WA,17.4,27.7,15,29,73050
2015,12,WA,17.4,29.4,16,30.1,94760
2016,1,WA,23.4,23.8,19,32.4,55790
2016,2,WA,0.8,26.4,17.3,32.8,81070
2016,3,WA,21.4,19.3,17.5,30,78120
2016,4,WA,61.6,13.2,14.6,25,63200
2016,5,WA,106,11.4,9.5,20.8,56600
2016,6,WA,86.4,10,8.8,18.5,57630
2016,7,WA,129.4,10.7,7.4,17.7,67730
2016,8,WA,131.6,12,7.5,17.5,59170
2016,9,WA,61.8,16.7,6.8,18.5,72190
2016,10,WA,37.8,21.5,9.4,22,71470
2016,11,WA,5.6,28.1,12.4,28.3,77780
2016,12,WA,8.6,29.9,14.7,29.3,103400
2017,1,WA,39.8,27.1,16.3,32,63790
2017,2,WA,89.8,23.8,17.2,30.3,75650
2017,3,WA,19.8,18.7,15.5,28.3,78240
2017,4,WA,0,16.1,12.1,27.5,71030
2017,5,WA,57,11.6,11.1,22.9,58990
2017,6,WA,54.8,10.9,8.6,21.5,61400
2017,7,WA,181.8,9.5,9.7,18.1,61460
2017,8,WA,149.2,12.5,9.1,18.8,64730
2017,9,WA,81.2,16.7,9.7,20.8,64720
2017,10,WA,26,21,10.8,23.2,71830
2017,11,WA,1.8,27,15.4,30,77960
2017,12,WA,28.2,28.6,16.4,30.6,103960
2018,1,WA,92,27.7,17.3,31.7,59810
2018,2,WA,0.4,24.4,17.7,30.8,82050
2018,3,WA,1.4,19.5,17.1,30.5,83580
2018,4,WA,10.8,14.7,13.2,26.5,60040
2018,5,WA,72,11.9,10.3,24.2,58350
2018,6,WA,129,9.6,8.9,19.3,62410
2018,7,WA,180.6,10.3,9.2,19.1,58770
2018,8,WA,176.8,12.8,7.8,18.5,65920
2018,9,WA,39,17.4,8.1,20.6,64560
2018,10,WA,36.2,19.8,12.6,23.8,70660
2018,11,WA,4.8,26.4,12.5,25.7,78830
2018,12,WA,0.8,28.4,15.2,30.3,104110
2019,1,WA,5.8,28.8,15.8,31.3,58910
2019,2,WA,0.8,25.8,17.4,32.2,82460
2019,3,WA,4.8,19.8,17.2,31,74810
2019,4,WA,35.2,15.2,12.6,26,62860
2019,5,WA,12.4,12.1,8,22.5,61100
2019,6,WA,175,9.6,9.2,19.6,62950
2019,7,WA,101,11.1,8.4,19.3,65260
2019,8,WA,117.2,13.7,7.8,20.2,72990
2019,9,WA,31.8,18.3,9,23.1,69390
2019,10,WA,23.4,22.2,10.6,24.7,77630
2019,11,WA,22.4,28.1,14,29.8,83910
2019,12,WA,2.2,29.7,17.7,33.9,111800
2000,1,SA,3,27.5,16.9,27.5,9740
2000,2,SA,57,24.1,19.3,31.6,11400
2000,3,SA,26.6,18.9,15.6,25.5,12370
2000,4,SA,52.4,14.3,12.4,22.4,11710
2000,5,SA,54.8,9.8,9.5,17.3,6550
2000,6,SA,74.8,8.1,7.7,15.2,9140
2000,7,SA,45.8,8.9,7.2,15.1,10230
2000,8,SA,50.6,13,7.8,15.5,7250
2000,9,SA,59,15.6,10.4,18.3,5880
2000,10,SA,66.6,21.3,11.3,20.4,8620
2000,11,SA,11.6,26.8,16.3,26.6,8660
2000,12,SA,11.8,28.6,15.2,27.2,16660
2001,1,SA,2,28.4,19.2,32.5,10460
2001,2,SA,10.8,23.9,19,30.7,10270
2001,3,SA,29.6,19.5,14.1,24.9,10480
2001,4,SA,17.6,15.1,11,22,9920
2001,5,SA,78,9.4,8.9,18.5,5620
2001,6,SA,80.6,6.8,9,15.9,6520
2001,7,SA,39.4,9,6.7,15.1,11710
2001,8,SA,63.8,10.9,8.9,15.6,6930
2001,9,SA,96.6,15.6,10.4,19.5,7850
2001,10,SA,64,19.9,10.7,18.1,9310
2001,11,SA,40.4,25.5,12.2,21.6,9240
2001,12,SA,12,27.3,13.2,22.5,13860
2002,1,SA,16.2,27.8,15.1,26.6,9260
2002,2,SA,0.4,24.6,14.8,25.4,11830
2002,3,SA,10.2,22.2,13.6,24.9,11090
2002,4,SA,7.6,13.7,12,23.7,7400
2002,5,SA,65,9.4,10.5,20.3,5850
2002,6,SA,45,7.7,8.4,15.9,5340
2002,7,SA,70.6,8.9,7.8,15.7,10220
2002,8,SA,21.4,13.5,6.5,16,8140
2002,9,SA,29.6,17.7,9.8,18.8,6940
2002,10,SA,15.8,19.3,10.4,21.1,8450
2002,11,SA,35.2,25.4,13.2,25,12220
2002,12,SA,6,27.4,15,27.1,15050
2003,1,SA,23.4,28.7,17,30.4,9160
2003,2,SA,59.4,24.4,16.6,27.8,11400
2003,3,SA,7.2,21.2,12.3,23.7,10500
2003,4,SA,19,13.9,11.2,22.5,7640
2003,5,SA,66.4,9.6,9.8,19.4,5220
2003,6,SA,100.8,7.1,9,15.7,6110
2003,7,SA,27.8,9.5,6.6,15.4,10140
2003,8,SA,55.2,10.8,7.1,14.8,7880
2003,9,SA,30.2,15.4,8.9,17.4,8510
2003,10,SA,44.6,20.6,8.9,18.6,9900
2003,11,SA,7.2,26.6,13.7,26.9,10310
2003,12,SA,15.6,27.2,16,27.5,15220
2004,1,SA,9.6,28.5,14.8,24.5,10870
2004,2,SA,4,25.2,16.7,30.2,12730
2004,3,SA,21.4,21.4,13.1,26.3,12000
2004,4,SA,16,13.4,12.8,23,10770
2004,5,SA,43,10.4,8.5,18.3,7090
2004,6,SA,83.3,8,9.4,16.1,5910
2004,7,SA,52.6,8.5,7.6,14.6,11090
2004,8,SA,67.2,12.1,8.3,16.3,7960
2004,9,SA,46.8,16.2,8.4,17.7,8490
2004,10,SA,8.2,22.8,11.2,23.1,10220
2004,11,SA,35.6,25,13.3,24.4,10440
2004,12,SA,38.6,27.7,15,26.1,17510
2005,1,SA,19.4,27.5,16.1,27.8,10600
2005,2,SA,12.2,23.4,14.7,26,13190
2005,3,SA,17.2,20.6,13.3,24.8,13270
2005,4,SA,4,15.6,12.9,25,9840
2005,5,SA,5.2,10.8,9.4,20.4,8210
2005,6,SA,94.2,8.6,8.7,17.8,7020
2005,7,SA,31.2,9,7.1,15.3,11510
2005,8,SA,60,12.7,8,17.1,8320
2005,9,SA,63.2,17.1,9,18.2,9950
2005,10,SA,85.2,20.7,11.8,21.5,10260
2005,11,SA,51.2,23.8,13.5,24.6,10440
2005,12,SA,30.4,28,16.1,27.1,17360
2006,1,SA,20.8,26.2,19.3,30.9,10990
2006,2,SA,25.8,24.1,15.3,26.2,15080
2006,3,SA,13.4,21.5,15.7,27.3,14640
2006,4,SA,34.2,13.1,12.1,20.4,11570
2006,5,SA,30,9.2,8.6,17,8520
2006,6,SA,11.6,8.6,4.8,15.4,8360
2006,7,SA,24,7.9,6.8,15.3,12250
2006,8,SA,8.6,12.8,6.9,17.9,10430
2006,9,SA,26,17.3,9.3,20.6,10010
2006,10,SA,0.6,23.7,10.5,23.6,11500
2006,11,SA,20.2,26,13.5,25.4,12600
2006,12,SA,19.4,28.9,14.8,27.7,21490
2007,1,SA,38,26.1,17.9,28.6,13340
2007,2,SA,1,26.8,17.7,30.5,16070
2007,3,SA,18.8,19.6,15.6,27,21450
2007,4,SA,75,14.8,13.9,24.1,12230
2007,5,SA,35.4,9.7,12.1,19.8,8210
2007,6,SA,42,8.4,6.3,14.6,7920
2007,7,SA,47.2,8.9,7,15.3,13710
2007,8,SA,16.8,13.8,7.4,17.9,9890
2007,9,SA,20.6,17.5,10,20.8,11610
2007,10,SA,23.2,20.9,11.2,23.1,13170
2007,11,SA,32.6,27.7,13.8,26.4,14000
2007,12,SA,36,26.6,15.3,27.6,19530
2008,1,SA,10.8,31.1,16.5,29.1,13560
2008,2,SA,2.8,24.2,15.6,26.7,16920
2008,3,SA,11.6,21.3,16.7,29.7,16830
2008,4,SA,29,14.7,11.5,22.3,12590
2008,5,SA,43.4,10.5,9.7,19.3,8510
2008,6,SA,24.4,7.8,8.6,16.8,9520
2008,7,SA,39,8.8,7.2,14.9,13650
2008,8,SA,71.2,12.3,6.4,14.6,12400
2008,9,SA,12.2,18.6,8.4,19.8,10370
2008,10,SA,3,22.3,11.3,23,12190
2008,11,SA,13.2,25.4,13.8,23.8,13150
2008,12,SA,31.4,25.6,15.3,24.4,18170
2009,1,SA,0,31.6,16.4,29.8,13370
2009,2,SA,0.2,27,17.7,30,16660
2009,3,SA,18.6,19.4,14.2,25.3,15210
2009,4,SA,51.2,14.2,12.5,22.2,11870
2009,5,SA,51.6,8.9,10.2,18.1,9380
2009,6,SA,39,8,8.1,16.1,9270
2009,7,SA,67.8,9,8.5,15.5,14230
2009,8,SA,33.2,12.4,8.7,17.8,9460
2009,9,SA,51.4,16.3,10.1,19.3,12500
2009,10,SA,20.4,22.8,10.7,21.3,12310
2009,11,SA,32.2,26.8,16.7,29.8,14130
2009,12,SA,14.8,29.6,15,27.3,20110
2010,1,SA,11,30.5,16.8,29.6,12670
2010,2,SA,3.2,25.7,18.1,29.7,17400
2010,3,SA,19.8,19.7,15.3,26.7,17700
2010,4,SA,63.4,13.8,13.7,23.2,13910
2010,5,SA,60.2,9.8,9.9,19.4,9780
2010,6,SA,61,8.3,7.1,15.7,10340
2010,7,SA,46.8,8.9,6,15,14590
2010,8,SA,77.2,11.4,8,15,10270
2010,9,SA,57.8,14.7,9,16.1,11820
2010,10,SA,34.2,22,10.6,20.5,12260
2010,11,SA,18.8,24,13.4,23,14060
2010,12,SA,38.2,27.3,15.5,25.9,20140
2011,1,SA,16.2,27.6,17.1,29.1,13210
2011,2,SA,38.4,22.6,17.7,27.6,17940
2011,3,SA,75.4,18,15,24.3,15560
2011,4,SA,17.6,14.3,11.5,22.3,15090
2011,5,SA,36.8,9.3,9.8,17.9,8570
2011,6,SA,31.2,8.2,7.8,16.5,9370
2011,7,SA,55,8.5,7.1,15.5,13340
2011,8,SA,60.2,12.7,8.2,17.3,10710
2011,9,SA,40.2,16.4,9.3,20.5,11590
2011,10,SA,30.2,19.4,12.5,21.3,12530
2011,11,SA,17.6,25,14.3,25.5,13310
2011,12,SA,25.4,27.1,15.3,26.9,20540
2012,1,SA,11.4,27.9,18.1,30,16600
2012,2,SA,16.4,23.3,16.8,26.7,18950
2012,3,SA,55.6,21.3,14.7,25.3,16080
2012,4,SA,27.2,14.7,12,23.6,13990
2012,5,SA,53.4,9.3,8.7,18,8720
2012,6,SA,114.6,7.8,7.2,15.3,10220
2012,7,SA,30.8,9,7.5,15.1,14090
2012,8,SA,52.6,11.6,7.4,15.5,11700
2012,9,SA,18.2,17.1,9,19.1,12420
2012,10,SA,14.4,22,9.6,21.9,13310
2012,11,SA,13,26.4,14.5,26.6,17190
2012,12,SA,7.2,27.9,15.5,27,25640
2013,1,SA,11.4,29,15.7,28.5,15230
2013,2,SA,16,25.8,17.3,28.7,19840
2013,3,SA,8,19.2,17.6,27.3,18750
2013,4,SA,31.2,14.3,12.5,23.2,13660
2013,5,SA,60,9.4,11.7,20.6,10070
2013,6,SA,77.8,7.6,8.2,16.1,9860
2013,7,SA,96.6,8.6,8.8,15.9,14400
2013,8,SA,64,11.2,9.2,16.7,13140
2013,9,SA,37.2,15,11.7,21.3,13340
2013,10,SA,15.4,21.1,11.1,21.8,15150
2013,11,SA,4.8,27,12.1,24.2,20150
2013,12,SA,9.8,26.3,14.6,27.1,27700
2014,1,SA,13,27.5,17.8,30.7,19380
2014,2,SA,81,23.7,16.9,28.2,22870
2014,3,SA,22.6,18.8,14.6,26,20610
2014,4,SA,31.2,13.1,12.8,22.8,17090
2014,5,SA,62.4,9,11.6,20.4,14050
2014,6,SA,69.6,7.5,8.9,16.5,13300
2014,7,SA,72.8,8.2,7.8,15.1,17500
2014,8,SA,60,12.8,5.5,16.3,14320
2014,9,SA,21.8,16.8,9.9,20.1,15180
2014,10,SA,5.4,22,11.3,24.5,17470
2014,11,SA,27.4,24.2,14,25.3,17980
2014,12,SA,4.8,27.5,14.9,25,27970
2015,1,SA,30,24.9,17,27.6,18480
2015,2,SA,0,24.6,17.5,31,25260
2015,3,SA,2.6,19.3,14.3,24.1,21430
2015,4,SA,50,12.2,11,20.1,17510
2015,5,SA,52.6,9.6,10,18.1,12420
2015,6,SA,18.6,8.2,8,16,10270
2015,7,SA,42.2,9,6.8,14.5,16930
2015,8,SA,36.4,11.3,8.1,15.5,13730
2015,9,SA,15.6,16.9,8.8,18.5,13790
2015,10,SA,5.6,22.1,13,25.4,15970
2015,11,SA,14.6,25.3,14.1,25.7,17850
2015,12,SA,7.8,28.3,17.2,30.3,27090
2016,1,SA,35.6,26.6,17.6,29.1,16530
2016,2,SA,14.8,24.5,16.2,27.2,22590
2016,3,SA,41.6,17.7,16.4,27.1,21540
2016,4,SA,8,15,12.6,23.8,15610
2016,5,SA,64.2,9.3,12.5,19.6,12290
2016,6,SA,72,8.4,9.2,16.1,12420
2016,7,SA,95.4,8.5,8.4,15.1,19640
2016,8,SA,49,12.5,7.9,17,14390
2016,9,SA,102.2,14.7,9.7,16.9,16830
2016,10,SA,59.6,21,10.5,20.3,17820
2016,11,SA,30.2,25.4,12.2,22.7,18310
2016,12,SA,75.8,24.8,14.9,26.6,29220
2017,1,SA,39.4,26.3,17.8,29.1,20230
2017,2,SA,32.4,22.1,16.6,27.2,25050
2017,3,SA,6.6,18,17,27.8,22410
2017,4,SA,24.8,12.7,13.1,22.8,17440
2017,5,SA,27.8,10,9.1,19,13020
2017,6,SA,10.6,9.5,5.4,16.5,14080
2017,7,SA,75.2,9.6,8.2,16.2,20690
2017,8,SA,82.2,11.6,8,15.6,17850
2017,9,SA,48.4,16.9,10.8,18.7,20550
2017,10,SA,26,21.5,12.3,22.9,20190
2017,11,SA,9.4,22.7,16.3,27,23240
2017,12,SA,31.6,24.5,15.3,26.1,32460
2018,1,SA,8.8,25.5,18.2,30.3,21910
2018,2,SA,2.8,22.4,18.1,29,29330
2018,3,SA,5.8,18.4,15.9,26.3,25160
2018,4,SA,14.6,14.6,14,25.3,20240
2018,5,SA,29.4,8.8,11.4,18.6,15130
2018,6,SA,33.8,9,7.2,15.7,14880
2018,7,SA,43.6,9.7,8.4,15.9,20190
2018,8,SA,71.2,11.9,9.3,16.8,18310
2018,9,SA,20.8,17.6,7.9,18.3,18620
2018,10,SA,13,19.3,12.1,23,20490
2018,11,SA,34.8,23.7,13.3,23.3,24480
2018,12,SA,21,24.9,16.5,28.6,31490
2019,1,SA,0.2,27.2,17.9,31.2,22480
2019,2,SA,6.4,24.4,16.6,28.2,30240
2019,3,SA,9,18.4,15.5,25.6,24700
2019,4,SA,4.2,13.3,13.7,24,20480
2019,5,SA,75,9.7,10.4,18.5,17540
2019,6,SA,83.4,9.1,7.6,16.1,16450
2019,7,SA,36.6,9.6,9,16.1,21950
2019,8,SA,33.8,12,7.3,15.2,19450
2019,9,SA,37.4,16.8,8.4,18.8,22780
2019,10,SA,15.4,21.9,11.8,23.4,23440
2019,11,SA,18.2,25.3,12.7,22.7,23320
2019,12,SA,3.4,28.2,16.6,29.1,33300
2000,1,TAS,66.8,23.6,12.4,21.3,2880
2000,2,TAS,27.2,23,13.1,24,5620
2000,3,TAS,12,16.3,11.2,21.8,2400
2000,4,TAS,9,11.1,7.7,19.2,2110
2000,5,TAS,39,5.7,8,16,1020
2000,6,TAS,17,4.9,5.5,14,950
2000,7,TAS,65.4,5.7,4.7,13.2,1240
2000,8,TAS,43.4,8.7,5,13.4,1480
2000,9,TAS,20.4,13.4,7.3,16.2,1150
2000,10,TAS,61.6,17.4,8.1,17,2900
2000,11,TAS,30.6,22.5,11.2,20.2,3020
2000,12,TAS,35.4,25.9,11.1,21.8,5900
2001,1,TAS,10.4,22.2,13.1,24,3110
2001,2,TAS,3.2,21.2,13.7,25.4,3990
2001,3,TAS,35.6,15.8,12.2,21.6,3500
2001,4,TAS,54,10.6,9.1,18.6,2590
2001,5,TAS,21,6,6.4,14.2,1250
2001,6,TAS,50.2,4.3,5.6,13.6,1490
2001,7,TAS,21.8,5.3,4.6,12.8,1780
2001,8,TAS,48.2,9.2,5.1,13.6,1490
2001,9,TAS,31.8,14,7.8,17.4,1810
2001,10,TAS,94.6,16.3,8.6,16.9,2480
2001,11,TAS,103,19.2,9.5,17.3,3140
2001,12,TAS,44.6,20.1,9.8,18.4,5090
2002,1,TAS,97.6,21.4,12,20.6,5090
2002,2,TAS,33.8,20.9,11.7,21.3,5620
2002,3,TAS,13.6,16.5,10.8,22.1,3230
2002,4,TAS,10.2,9.2,9.2,19.1,1540
2002,5,TAS,33.8,5.8,6.6,16.3,1340
2002,6,TAS,46.4,4.3,7.2,14,1800
2002,7,TAS,20.8,6.3,5.2,14.3,1300
2002,8,TAS,51.8,8.7,5,14.5,1370
2002,9,TAS,45.4,13.5,6.7,16,1270
2002,10,TAS,37.8,15.5,7.8,16.5,2200
2002,11,TAS,13.8,22.5,9.6,20.7,3190
2002,12,TAS,11.6,26.2,11.7,22,5590
2003,1,TAS,16.8,25.9,12.8,25.2,3590
2003,2,TAS,11.4,21.4,12.5,23.3,5490
2003,3,TAS,112.4,13.2,11.5,19.5,3160
2003,4,TAS,38,9.3,9.4,17,2440
2003,5,TAS,38.8,5.7,8,15.9,1440
2003,6,TAS,46,5.1,5.4,14.2,1450
2003,7,TAS,25.2,5.7,4.2,12.9,1310
2003,8,TAS,85.2,8.9,5.2,13.9,1580
2003,9,TAS,64.4,14.4,5.1,14.1,2220
2003,10,TAS,15.4,18.1,6.3,15.6,2360
2003,11,TAS,1.8,24.8,9.5,20.3,3810
2003,12,TAS,25.6,23,11.9,22.4,5970
2004,1,TAS,57.4,22.1,11.1,21.7,4390
2004,2,TAS,13.8,21.4,11.5,21.9,6580
2004,3,TAS,16.4,14.9,10.3,20.6,3520
2004,4,TAS,52.8,9.6,8.1,17.4,2240
2004,5,TAS,29.7,5.4,7,14.2,1390
2004,6,TAS,68.2,4.7,5.2,12.9,1450
2004,7,TAS,38.6,6.2,4,12.2,1900
2004,8,TAS,47.8,8.6,4.1,13.1,1460
2004,9,TAS,21.6,13,6.4,15.5,1770
2004,10,TAS,21.2,18.3,7.1,18,2170
2004,11,TAS,47.4,21.1,10.5,19.5,3250
2004,12,TAS,24,24.1,11.5,21.2,5410
2005,1,TAS,40.4,23.1,12.4,22.9,3170
2005,2,TAS,60,20.2,11.6,21.8,4520
2005,3,TAS,23.8,14.9,9.9,19.6,3260
2005,4,TAS,32.2,9.8,9.9,20,2240
2005,5,TAS,23,6.5,7.6,16.1,1470
2005,6,TAS,27.4,5.2,4.3,13.8,1240
2005,7,TAS,23.6,5.5,5.1,14.1,2210
2005,8,TAS,33.2,7.9,6.4,15.1,1320
2005,9,TAS,117.8,12,6.8,16,1760
2005,10,TAS,74,17.9,9.6,17.7,2430
2005,11,TAS,35,21.4,10.7,20.4,3250
2005,12,TAS,74.2,24,12.7,22.3,5210
2006,1,TAS,31.6,26.3,12.2,22.9,4470
2006,2,TAS,20.8,20.1,12.9,22.8,4970
2006,3,TAS,13.6,15.6,11,21.2,4050
2006,4,TAS,27.8,8.7,7.5,15.9,2670
2006,5,TAS,22.6,5.5,5.7,14.6,1350
2006,6,TAS,6.2,3.7,4.2,13.2,1730
2006,7,TAS,35.2,4.2,4.2,12.8,2090
2006,8,TAS,8.6,8.2,5.8,15.5,1960
2006,9,TAS,29.6,13.3,6.9,16.8,1820
2006,10,TAS,39.2,19.2,7.7,18.5,3230
2006,11,TAS,19,21.8,8.3,18.2,3340
2006,12,TAS,43,27.2,10.4,21.3,5480
2007,1,TAS,93.4,22.6,12.7,23.5,4080
2007,2,TAS,36.4,21,14.3,23.6,5300
2007,3,TAS,20.6,14.8,11.5,21.3,3960
2007,4,TAS,22.2,9.6,9.1,18.3,2090
2007,5,TAS,20,6.2,9.3,18,1560
2007,6,TAS,23.8,4.9,3.1,11.7,1670
2007,7,TAS,38.2,5.1,4.2,12.4,2150
2007,8,TAS,33.2,8.7,5.5,14.3,1610
2007,9,TAS,36,12.8,6.3,16.3,2180
2007,10,TAS,30.6,17.7,7.9,18,2130
2007,11,TAS,4,23.6,10.3,20.9,3060
2007,12,TAS,72.2,23.5,11.7,22.8,4800
2008,1,TAS,2.6,25.7,13.7,24.3,3670
2008,2,TAS,63.4,18.9,11.4,21,5600
2008,3,TAS,35.6,14,10.6,21.9,3780
2008,4,TAS,14.4,10,7.8,18,2530
2008,5,TAS,11.4,5.7,6.4,16.3,1990
2008,6,TAS,15.8,4.8,5.4,14.6,1800
2008,7,TAS,35.4,5.4,3.2,11.9,2030
2008,8,TAS,28,8.4,4,13.4,2180
2008,9,TAS,15,12.7,6.5,16.6,1920
2008,10,TAS,14.2,17,8.3,19.4,2340
2008,11,TAS,67.8,19.8,9.3,18.2,3380
2008,12,TAS,25.6,25,9.9,20.2,5840
2009,1,TAS,9,25.5,12.3,23.5,4570
2009,2,TAS,39.8,19,11.7,21.8,5000
2009,3,TAS,59.4,13.1,12.1,20.5,4580
2009,4,TAS,51,9.7,9.2,17.6,3130
2009,5,TAS,31.6,6.1,7.2,15.5,1970
2009,6,TAS,136.2,4.3,5.7,12.7,1650
2009,7,TAS,46.2,5.1,5.2,12.4,1840
2009,8,TAS,57.4,7.8,7.1,14,1890
2009,9,TAS,107.2,11.6,6.9,15.6,2370
2009,10,TAS,40.4,17.2,7.7,16,2720
2009,11,TAS,56.4,18.9,11.2,20.1,2880
2009,12,TAS,59,24.7,11.3,21.8,5630
2010,1,TAS,7.6,26.4,12.3,23.8,3610
2010,2,TAS,39.8,21.4,12.9,23.1,5620
2010,3,TAS,21.2,15,13,23,4300
2010,4,TAS,18.2,9.1,9.4,19.5,2190
2010,5,TAS,29,6.6,6.2,15.9,1920
2010,6,TAS,4.2,4.8,4.4,13.9,1930
2010,7,TAS,4.8,5.3,3.8,14.5,2430
2010,8,TAS,71.4,8.1,4.6,13.9,1610
2010,9,TAS,66.6,12.7,6.3,14.7,2250
2010,10,TAS,33.8,18.4,7.9,18.4,2810
2010,11,TAS,81.4,19.8,9.4,19.1,3450
2010,12,TAS,32.8,22.3,10.7,20.5,6100
2011,1,TAS,42.8,21.5,13.2,22.7,4380
2011,2,TAS,35.2,18.6,11.5,21.1,5910
2011,3,TAS,52.8,15,10.6,20.2,3360
2011,4,TAS,89.4,9.6,9.8,18,2870
2011,5,TAS,26.6,6.3,6.8,14.6,2000
2011,6,TAS,94.4,4.9,4.7,13.6,1670
2011,7,TAS,21,5.2,4.1,12.3,2020
2011,8,TAS,39.4,7.5,7.4,14.6,1630
2011,9,TAS,31.6,12.4,6.4,15.9,2020
2011,10,TAS,43.2,17.2,7.8,17,2880
2011,11,TAS,58,20.5,10.3,20.5,4240
2011,12,TAS,66.2,24.2,11.2,20.6,7380
2012,1,TAS,52.4,23.6,13.1,23.7,4260
2012,2,TAS,22.4,18.6,12.8,23.1,5730
2012,3,TAS,22.8,10.9,11.2,21.1,3780
2012,4,TAS,15.8,9.9,9.2,19.8,2520
2012,5,TAS,111,5.8,7.3,15.4,2370
2012,6,TAS,36.8,4.3,4.6,12.6,2400
2012,7,TAS,21,4.9,4.2,13.1,2220
2012,8,TAS,55.8,7.4,4.8,13.7,2320
2012,9,TAS,41,11.1,6.9,15.7,2170
2012,10,TAS,27.2,15.6,7.5,17.4,2890
2012,11,TAS,26,21.3,9.7,20.6,3690
2012,12,TAS,28.2,24.5,11.5,22.7,6910
2013,1,TAS,21.4,22.8,12.3,24,4760
2013,2,TAS,22,21.8,13.2,23.8,7270
2013,3,TAS,44.2,14.9,12.5,23.1,4540
2013,4,TAS,14.4,9.5,8.3,18.5,2710
2013,5,TAS,22.2,6.4,6.1,16.2,2340
2013,6,TAS,21.2,4,5.8,13.3,1620
2013,7,TAS,78.6,5,5.6,14,2250
2013,8,TAS,56.4,8.3,5,14.1,2030
2013,9,TAS,28.2,11.4,7.6,16.5,2140
2013,10,TAS,64.4,15.6,8.3,17.6,3020
2013,11,TAS,97.8,15.5,9.7,17,3920
2013,12,TAS,17.8,22.2,11.3,21.4,7460
2014,1,TAS,12.2,26.7,11.8,23.9,4900
2014,2,TAS,44.4,18.5,12.5,23.4,5590
2014,3,TAS,21.8,14.3,11.9,22.3,3760
2014,4,TAS,24.4,8.4,9,18.5,3230
2014,5,TAS,46,5.7,6.8,16,2270
2014,6,TAS,25.8,4.7,5.6,13.7,1500
2014,7,TAS,84.6,5.3,4.9,13.6,2210
2014,8,TAS,35.8,8.3,4.3,14.6,2140
2014,9,TAS,20.8,12.1,7.3,17.5,1930
2014,10,TAS,31.2,15.6,7.9,17.9,3800
2014,11,TAS,32.2,19.3,9.7,19.5,6020
2014,12,TAS,60.6,21.2,11.6,21.2,9010
2015,1,TAS,101.4,21.6,13,21.9,4960
2015,2,TAS,17.4,18.7,12.4,22.8,7060
2015,3,TAS,28.8,13.6,8.8,20.6,4780
2015,4,TAS,14,9.2,8.3,17.1,2950
2015,5,TAS,41.8,6,6,15,2400
2015,6,TAS,26.2,4.8,5.1,13.1,2310
2015,7,TAS,17.2,5.5,3.6,12.6,3320
2015,8,TAS,45.2,7.9,3.3,12.7,2640
2015,9,TAS,18.2,11.8,6.5,16.2,2910
2015,10,TAS,7.8,19.7,8.4,20.4,3950
2015,11,TAS,30.8,20.9,10.2,21.2,6060
2015,12,TAS,21.8,25.2,11.6,23.3,9240
2016,1,TAS,39.2,20.8,14.2,23.3,5550
2016,2,TAS,23.2,19.5,14.2,23.9,7610
2016,3,TAS,16.8,14.1,11.7,22.2,5400
2016,4,TAS,8.6,10.5,9.9,20.6,3500
2016,5,TAS,77,6.6,8.5,15.6,2830
2016,6,TAS,102.2,4.7,5.9,13.6,3160
2016,7,TAS,43.6,6.2,5.7,13.1,4160
2016,8,TAS,14.4,9,4.7,14.1,3120
2016,9,TAS,63,11.6,7.4,16.1,3310
2016,10,TAS,65,16.4,8,16.8,4220
2016,11,TAS,41.6,19,10,18.6,6900
2016,12,TAS,44.4,22,11.7,22,10760
2017,1,TAS,37.2,22.8,13.2,23.7,7090
2017,2,TAS,12.4,18.4,11.2,22.9,7440
2017,3,TAS,25.8,13.8,12.3,22.9,6020
2017,4,TAS,18.4,9.5,9.1,19.2,4700
2017,5,TAS,31.6,5.4,6.8,14.9,3450
2017,6,TAS,5.2,5.7,4.8,14.3,3890
2017,7,TAS,32.4,6.5,3,12.6,5430
2017,8,TAS,29,9.1,4,13.6,4700
2017,9,TAS,31.8,11.9,5.3,15.3,4920
2017,10,TAS,18.6,17.8,9.6,20.4,6330
2017,11,TAS,33,23.4,11.3,22.9,8560
2017,12,TAS,94.2,20.9,13.2,22.9,13740
2018,1,TAS,25.8,22.2,13.8,24.7,7810
2018,2,TAS,43.4,16.9,12.3,22.2,12290
2018,3,TAS,57.6,13.7,12,21.1,9300
2018,4,TAS,16.4,9.4,9.4,19,6160
2018,5,TAS,55.8,5.5,7.9,16,4400
2018,6,TAS,24.4,5.5,4.7,13.2,4690
2018,7,TAS,36.8,6.4,5.2,13.3,5350
2018,8,TAS,40.8,8.4,5.1,13.7,3790
2018,9,TAS,9,12.8,6.3,16.2,4800
2018,10,TAS,37.4,17.5,8.3,18.5,6290
2018,11,TAS,43.2,16.8,10.3,19.5,9150
2018,12,TAS,32.4,22.4,12.9,22.7,14550
2019,1,TAS,8.8,25.2,14,26.3,8540
2019,2,TAS,43,17.2,12.5,23,13270
2019,3,TAS,17.2,13.3,11.1,22.2,8730
2019,4,TAS,18.8,10.7,8.7,19.7,6540
2019,5,TAS,17,6.2,7.2,16.3,4640
2019,6,TAS,25.2,5.3,5.2,13.7,4540
2019,7,TAS,23.8,6.3,5.4,13.8,5670
2019,8,TAS,76.2,8.8,4.6,13.9,5950
2019,9,TAS,16.4,12.6,6.6,16.5,5130
2019,10,TAS,26.4,17.3,7.1,19,6830
2019,11,TAS,44.4,20,9.3,20.1,10320
2019,12,TAS,20.6,23.7,10.8,21.7,14900
2000,1,NT,441.2,19.3,24.5,31.4,3270
2000,2,NT,667.4,16.5,24.3,30.9,4660
2000,3,NT,363.6,19.7,24.3,31,5990
2000,4,NT,307.6,19.4,24.1,31.5,4740
2000,5,NT,8.6,20.8,22,31.3,4840
2000,6,NT,0.2,20.3,18.4,29.2,6490
2000,7,NT,0,21.2,18.8,30.5,8530
2000,8,NT,0,22.9,20.5,31.8,5240
2000,9,NT,0.4,23.3,23.1,33.3,3660
2000,10,NT,77.4,22.5,24.6,32.9,5780
2000,11,NT,68.8,24.1,26.2,33.9,4910
2000,12,NT,205.6,18.9,26,31.4,4280
2001,1,NT,262.8,20.1,24.9,31.8,4480
2001,2,NT,429.4,17.4,24.9,31.3,4870
2001,3,NT,293.4,20.2,24.6,31.6,5740
2001,4,NT,47.2,23.5,24,32.6,5960
2001,5,NT,7.4,21.3,20.8,31.5,5690
2001,6,NT,0,20,21.2,31.7,5400
2001,7,NT,26.6,20.3,19.7,30.6,8220
2001,8,NT,0,23.1,18.8,31.2,6660
2001,9,NT,0,23.5,22.9,33.1,7200
2001,10,NT,30.4,24.3,25.4,33.8,7060
2001,11,NT,164.6,21.9,24.9,33.9,4910
2001,12,NT,182,20.8,25.6,32.5,4120
2002,1,NT,147.6,21.1,26.1,33.1,4520
2002,2,NT,407.4,16.5,25.4,31,4720
2002,3,NT,247.4,24.5,24.3,33.3,5120
2002,4,NT,55.8,23.6,24.1,33.5,4800
2002,5,NT,44.2,21.4,22.4,33,4790
2002,6,NT,0,21.4,18.6,31.2,5340
2002,7,NT,0,21.3,17.9,30.8,6430
2002,8,NT,0.2,23.7,17.8,31.7,6710
2002,9,NT,26.6,23,22.6,31.8,6420
2002,10,NT,9,25,25.2,34.2,5500
2002,11,NT,181.4,24.2,25.3,34.1,5620
2002,12,NT,94.8,24.8,25.4,34.4,3860
2003,1,NT,466.2,19,24.8,32.1,3060
2003,2,NT,727.2,17.5,24.4,31.1,3700
2003,3,NT,121.2,21.2,24.6,31.9,3690
2003,4,NT,12.2,24,24.5,34,2820
2003,5,NT,0,21,22.9,33,4620
2003,6,NT,5.8,19.7,19.9,32,4470
2003,7,NT,0.2,20.5,20,31.7,5390
2003,8,NT,0,21.7,21.3,31.6,5060
2003,9,NT,6.4,23.2,23.4,33,5000
2003,10,NT,51.2,25.5,25.2,34.1,4790
2003,11,NT,200.6,23.7,25.1,33.8,3780
2003,12,NT,377.2,18.8,25.4,32.7,3840
2004,1,NT,460.8,20.4,25.1,31.8,3310
2004,2,NT,350.4,17.4,25,30.9,3380
2004,3,NT,413.8,20.3,24.7,31.9,3180
2004,4,NT,60.4,24.9,24.2,34,3060
2004,5,NT,54,18.1,23,31.9,4750
2004,6,NT,50.6,19.8,18.7,29.7,5310
2004,7,NT,0,21.8,18,30.3,6530
2004,8,NT,0.8,24.4,19.2,30.7,6810
2004,9,NT,2.8,25.7,20.9,32.9,6850
2004,10,NT,42.6,24.7,24.7,33.8,5900
2004,11,NT,105.2,23.6,25.7,34.3,4090
2004,12,NT,236.8,21.1,25.7,33.5,3210
2005,1,NT,408,21.3,25.2,32.4,3630
2005,2,NT,265.4,24.5,25.2,32.8,2880
2005,3,NT,202.2,21.5,25.4,32.7,3150
2005,4,NT,68.6,23.1,24.6,33.5,3330
2005,5,NT,0.6,21.9,21.7,32.6,5840
2005,6,NT,0,20.4,20.6,31.5,4450
2005,7,NT,0,21.1,20.5,31.9,6370
2005,8,NT,1.6,23.5,20.4,32,6510
2005,9,NT,1.4,25.7,23.3,32.9,5880
2005,10,NT,77,25,25.5,34.2,5040
2005,11,NT,184.4,23.2,24.9,33.9,4200
2005,12,NT,151,20,25.4,33.2,4330
2006,1,NT,410,15.4,25,31,3530
2006,2,NT,227.6,24.2,24.6,32.7,2800
2006,3,NT,455,18.5,25,30.9,3770
2006,4,NT,396.2,20.6,23.7,31.1,4590
2006,5,NT,22.4,22.8,20.6,30.8,5210
2006,6,NT,0,21,18.5,29.9,4510
2006,7,NT,0,21.9,18,29.6,7270
2006,8,NT,0,24.5,18.9,31.4,7400
2006,9,NT,6.4,27.6,21.1,32.8,5530
2006,10,NT,1.8,28.8,23.2,33.6,5440
2006,11,NT,43.6,24.6,25.5,33.9,4440
2006,12,NT,240,19.8,25.1,33.9,3300
2007,1,NT,206.8,17.3,25.6,32.4,3210
2007,2,NT,422.6,21.1,24.4,32.1,3570
2007,3,NT,689.8,16.3,24.8,30.9,3790
2007,4,NT,18,23.3,24.2,33.1,4250
2007,5,NT,18.8,20.7,23.5,33.4,6620
2007,6,NT,4.2,18.2,20,29.9,4700
2007,7,NT,0,21.4,17.5,29.9,8670
2007,8,NT,0.4,22.6,19.5,31.3,7800
2007,9,NT,43.6,24.6,21.9,33.1,6760
2007,10,NT,13.2,24.1,25.3,33.9,6780
2007,11,NT,143.2,20.7,25.1,33.6,5160
2007,12,NT,247.8,18.5,25.6,33.3,5150
2008,1,NT,515.2,19.9,25,32.2,3770
2008,2,NT,670,15.7,24.7,30.8,3600
2008,3,NT,264.7,22.8,24.4,32.2,4070
2008,4,NT,10.2,23.9,22.6,33.3,4550
2008,5,NT,0,21.4,20.8,32.5,6990
2008,6,NT,0,19.4,20.1,31.4,10130
2008,7,NT,0,21,18.1,31.2,11190
2008,8,NT,0,22.7,19.5,32.6,7820
2008,9,NT,5.2,24,23.2,33.3,7440
2008,10,NT,117,24.5,25.1,34.4,5810
2008,11,NT,54.6,22.8,26.2,34.2,6960
2008,12,NT,325.8,17.3,25.3,32.2,5150
2009,1,NT,411,19.1,25.5,32.1,3880
2009,2,NT,495.8,17.6,24.8,30.9,4110
2009,3,NT,115.6,24.6,24.8,33.2,3860
2009,4,NT,63.6,21.9,24.6,33.6,5290
2009,5,NT,0.4,19.8,22.6,32.6,7000
2009,6,NT,0,19.7,20.1,31.5,6930
2009,7,NT,0,20.8,19,31.3,12080
2009,8,NT,0,22.5,20.1,32,7360
2009,9,NT,34.4,23.7,24,33.5,7490
2009,10,NT,33.4,25.5,24.6,34.8,6250
2009,11,NT,131,22.9,25.2,33.7,5310
2009,12,NT,457.2,19.4,25.4,32.9,4970
2010,1,NT,630.2,16.5,24.8,31.5,3920
2010,2,NT,428.8,21.9,25.8,32.6,4640
2010,3,NT,198.4,23.1,25.3,33.3,4030
2010,4,NT,136.6,19.3,24.7,32.5,5010
2010,5,NT,66.2,19.1,24.3,32.3,5750
2010,6,NT,0,20.3,20.2,31.1,5770
2010,7,NT,0.2,19.2,22.3,32.6,8320
2010,8,NT,0,21.4,21.4,32.8,8960
2010,9,NT,40.4,21,24.4,34,6400
2010,10,NT,157.8,22.5,24.5,33.7,5790
2010,11,NT,208.2,22.1,24.7,33,4460
2010,12,NT,390.4,18,24.5,31.9,4650
2011,1,NT,627.2,15.9,24.2,31.1,3690
2011,2,NT,1110.2,16.7,24.5,30.5,4430
2011,3,NT,231.6,16.9,24.8,31,5450
2011,4,NT,193,20.3,23.3,31.7,5090
2011,5,NT,0.6,20.6,19.9,30.8,6300
2011,6,NT,0,20,16.1,29,5700
2011,7,NT,0,19.7,19.3,31.2,11000
2011,8,NT,0,22.8,18.7,31.9,7030
2011,9,NT,3.2,23.2,21.9,32.8,5730
2011,10,NT,141,22.8,24.5,33.3,5480
2011,11,NT,152,21.8,24.7,32.9,5020
2011,12,NT,227.2,19.9,25.7,33.3,3840
2012,1,NT,459.2,19.7,24.9,32.6,4060
2012,2,NT,250.2,21.5,25,32.4,5250
2012,3,NT,572.4,16.7,24.8,31.8,5270
2012,4,NT,70.2,22.6,23.6,32.8,5690
2012,5,NT,51.4,20.1,21.2,31.1,6530
2012,6,NT,0,20.8,17.5,29.7,7620
2012,7,NT,0,21.9,18.7,30.6,11040
2012,8,NT,0,25.7,17.8,31.4,9380
2012,9,NT,21.2,26.4,21.9,33.7,7330
2012,10,NT,16.8,26.5,24.3,33.9,7760
2012,11,NT,79.3,24.1,25.4,33.9,7300
2012,12,NT,203,23.2,25.4,34.2,5250
2013,1,NT,219.8,20.5,25.8,32.9,4800
2013,2,NT,398.4,22,24.8,32.6,4710
2013,3,NT,381,19.6,25.1,32,6220
2013,4,NT,101.6,23.1,24.4,33.7,9190
2013,5,NT,31.6,20,23.7,32.7,6330
2013,6,NT,0.6,19.1,21.6,31.8,7240
2013,7,NT,0,20.4,20,31.5,7940
2013,8,NT,2.6,23,19.4,32.1,10720
2013,9,NT,0.2,24,23.3,33.3,7780
2013,10,NT,98.6,23.5,24.7,34.1,6490
2013,11,NT,314.2,19.5,24.5,32.9,4700
2013,12,NT,210.8,16,25,32.6,4760
2014,1,NT,608.6,16.4,24.9,31.7,4530
2014,2,NT,369,18.7,25.2,31.3,4550
2014,3,NT,92.4,21.9,24.7,33,5480
2014,4,NT,177.2,19.9,24.8,33,10830
2014,5,NT,8.6,20.4,23.3,32.7,6760
2014,6,NT,0,20.1,20,31.2,8070
2014,7,NT,0,20.7,18.9,31.1,12140
2014,8,NT,0,23.4,17.8,31.9,10350
2014,9,NT,0,24.9,21,33.2,8580
2014,10,NT,14.8,26,23.6,34.3,8490
2014,11,NT,165.8,22.7,25.1,34.3,7680
2014,12,NT,111,20.1,26.6,34,4480
2015,1,NT,484.6,14,25.1,31.2,3960
2015,2,NT,353.2,20,24.9,32.6,5250
2015,3,NT,230.8,20.9,25.5,32.7,5540
2015,4,NT,21.2,22.1,24.2,33.2,11090
2015,5,NT,13.8,21,21,32.6,5690
2015,6,NT,0.4,19.9,21,32,13620
2015,7,NT,0,20.9,18.9,31.3,12130
2015,8,NT,0.2,22.2,19.7,31.8,8210
2015,9,NT,3.4,23.3,22.1,33.2,6980
2015,10,NT,42.6,24.3,24.1,33.8,6690
2015,11,NT,84.2,23.1,25.9,34.7,5830
2015,12,NT,509.4,15.1,25.2,32.4,4060
2016,1,NT,169.8,20,26.1,33,3590
2016,2,NT,150.4,20.9,25.4,33.5,4700
2016,3,NT,115.8,19.2,26.2,33.7,5270
2016,4,NT,46.4,21.3,25,34.5,8270
2016,5,NT,62.4,19.6,24.7,33.5,5530
2016,6,NT,0,19.7,23,33.2,6120
2016,7,NT,0,20.4,19.8,31.5,13540
2016,8,NT,0,22.3,20.2,32.6,9470
2016,9,NT,64.4,22.7,24.7,33.2,8440
2016,10,NT,130.8,24.4,24.6,33.8,7200
2016,11,NT,208.2,23.2,25.5,33.7,5440
2016,12,NT,406.8,19.5,25.2,32.6,5960
2017,1,NT,470.6,20.5,25.5,32,4080
2017,2,NT,624.8,19.8,25.1,31.6,6620
2017,3,NT,458.4,21,24.8,32.1,5670
2017,4,NT,184.8,20.4,24.1,32,8150
2017,5,NT,0,21.2,22.6,32.9,7280
2017,6,NT,0,19.9,20,31.3,9840
2017,7,NT,0,20.2,21.1,32.6,10020
2017,8,NT,0,22.7,20.2,33.1,8960
2017,9,NT,0,24.5,22.5,34.1,8250
2017,10,NT,100.6,23.5,25.4,33.9,8190
2017,11,NT,174.2,24.3,24.7,33.9,6520
2017,12,NT,183.6,23.4,25.9,33.9,4790
2018,1,NT,893,16.3,24.5,31.8,4200
2018,2,NT,364.2,19.1,25.1,31.6,4250
2018,3,NT,279.4,22.5,25.3,32.7,5280
2018,4,NT,43.6,22,24.1,33.8,6370
2018,5,NT,0,21.2,21.8,32.7,5520
2018,6,NT,0,20,20.1,31.6,6490
2018,7,NT,0,20.5,20,31.9,8860
2018,8,NT,0,22.4,20.1,32,8190
2018,9,NT,32.8,24.5,22.9,33.6,7010
2018,10,NT,30,25.4,25.2,34.2,5050
2018,11,NT,204,23.4,25.5,34,5560
2018,12,NT,67.2,23.1,27.1,34,5540
2019,1,NT,362,19.1,25.3,32.7,3420
2019,2,NT,177.4,24.4,26,33.1,5110
2019,3,NT,174,21.9,25.3,33.4,4920
2019,4,NT,163.2,20.9,24.5,33.1,7250
2019,5,NT,31.2,20.1,22.9,32.3,6060
2019,6,NT,0,19.9,19,31,7070
2019,7,NT,0,20.8,18.5,31.3,9460
2019,8,NT,0.2,22.6,19.4,32,8820
2019,9,NT,0,24.6,21.2,32.7,8450
2019,10,NT,20.2,24.8,24.2,34.3,7460
2019,11,NT,87.2,25.9,25.6,34.5,4370
2019,12,NT,58.6,23.2,26.2,35.3,4480
